wl,Isp
0.4,0.0002708
0.4010004764173416,0.00027545
0.4020009528346832,0.0002801
0.4030014292520248,0.0002801
0.4040019056693664,0.0002897
0.40500238208670797,0.0002897
0.40600285850404955,0.0002897
0.4070033349213912,0.0003067
0.40800381133873276,0.0003067
0.40900428775607434,0.0003244
0.4100047641734159,0.0003244
0.41100524059075755,0.0003244
0.4120057170080991,0.0003446
0.4130061934254407,0.0003446
0.4140066698427823,0.0003654
0.4150071462601239,0.0003654
0.4160076226774655,0.0003654
0.41700809909480707,0.0003717
0.41800857551214865,0.0003717
0.41900905192949023,0.0003779
0.42000952834683186,0.0003779
0.42101000476417344,0.0003779
0.422010481181515,0.0003916
0.42301095759885665,0.0003916
0.42401143401619823,0.0004055
0.4250119104335398,0.0004055
0.4260123868508814,0.0004055
0.42701286326822296,0.0003927
0.4280133396855646,0.0003927
0.4290138161029062,0.0003788
0.43001429252024775,0.0003788
0.43101476893758933,0.0003788
0.43201524535493097,0.00042510000000000003
0.43301572177227254,0.00042510000000000003
0.4340161981896141,0.0004737
0.4350166746069557,0.0004737
0.43601715102429733,0.0004737
0.4370176274416389,0.0004931
0.4380181038589805,0.0004931
0.43901858027632207,0.0005131
0.4400190566936637,0.0005131
0.4410195331110053,0.0005131
0.44202000952834686,0.0005571
0.44302048594568844,0.0005801
0.44402096236303,0.0006031
0.44502143878037165,0.0006031
0.4460219151977132,0.0006031
0.4470223916150548,0.0006413
0.44802286803239644,0.0006413
0.449023344449738,0.000681
0.4500238208670796,0.000681
0.45102429728442117,0.000681
0.45202477370176275,0.0006985
0.4530252501191044,0.0006985
0.45402572653644596,0.0007158
0.45502620295378754,0.0007158
0.4560266793711291,0.0007158
0.45702715578847075,0.0007339
0.45802763220581233,0.0007339
0.4590281086231539,0.0007523
0.4600285850404955,0.0007523
0.46102906145783706,0.0007523
0.4620295378751787,0.0007804
0.4630300142925203,0.0007804
0.46403049070986185,0.0008099
0.4650309671272035,0.0008099
0.46603144354454507,0.0008099
0.46703191996188664,0.0008353999999999999
0.4680323963792282,0.0008353999999999999
0.4690328727965698,0.0008599
0.47003334921391143,0.0008739333333333338
0.471033825631253,0.0008879666666666669
0.4720343020485946,0.000902
0.4730347784659362,0.000902
0.4740352548832778,0.0009446
0.4750357313006194,0.0009446
0.47603620771796096,0.0009446
0.47703668413530254,0.0009843
0.4780371605526441,0.0009843
0.47903763696998575,0.0010249
0.4800381133873273,0.0010249
0.4810385898046689,0.0010249
0.48203906622201054,0.0010018000000000002
0.4830395426393521,0.0010018000000000002
0.4840400190566937,0.0009772
0.48504049547403527,0.0009772
0.48604097189137685,0.0009772
0.4870414483087185,0.0010136
0.48804192472606006,0.0010321999999999998
0.48904240114340164,0.0010508
0.4900428775607433,0.0010508
0.49104335397808485,0.0010508
0.49204383039542643,0.0010941
0.493044306812768,0.0010941
0.4940447832301096,0.0011384
0.4950452596474512,0.0011384
0.4960457360647928,0.0011384
0.4970462124821344,0.0011518
0.49804668889947595,0.0011518
0.4990471653168176,0.0011642
0.5000476417341592,0.0011642
0.5010481181515007,0.0011642
0.5020485945688423,0.0012069
0.5030490709861839,0.0012069
0.5040495474035255,0.0012505
0.5050500238208671,0.0012505
0.5060505002382087,0.0012505
0.5070509766555503,0.0012752
0.5080514530728919,0.0012752
0.5090519294902335,0.0013002
0.5100524059075751,0.0013002
0.5110528823249166,0.0013002
0.5120533587422582,0.0012963
0.5130538351595999,0.0012963
0.5140543115769415,0.0012907
0.5150547879942831,0.0012951333333333333
0.5160552644116246,0.0012995666666666666
0.5170557408289662,0.001304
0.5180562172463078,0.001304
0.5190566936636494,0.0013168
0.520057170080991,0.0013168
0.5210576464983325,0.0013168
0.5220581229156742,0.001364
0.5230585993330158,0.001364
0.5240590757503574,0.0014121
0.525059552167699,0.0014121
0.5260600285850405,0.0014121
0.5270605050023821,0.0014576
0.5280609814197237,0.0014576
0.5290614578370653,0.0015035
0.5300619342544068,0.0015035
0.5310624106717485,0.0015035
0.5320628870890901,0.0015087
0.5330633635064317,0.0015087
0.5340638399237733,0.0015155
0.5350643163411148,0.0015155
0.5360647927584564,0.0015155
0.537065269175798,0.0015145
0.5380657455931397,0.0015145
0.5390662220104812,0.0015131
0.5400666984278228,0.0015131
0.5410671748451644,0.0015131
0.542067651262506,0.0015291
0.5430681276798476,0.0015291
0.5440686040971892,0.0015445
0.5450690805145307,0.0015445
0.5460695569318723,0.0015445
0.547070033349214,0.00154
0.5480705097665556,0.00154
0.5490709861838972,0.0015351
0.5500714626012387,0.0015303333333333334
0.5510719390185803,0.0015255666666666667
0.5520724154359219,0.0015208
0.5530728918532635,0.0015208
0.554073368270605,0.0015061
0.5550738446879466,0.0015061
0.5560743211052883,0.0015061
0.5570747975226299,0.0014591
0.5580752739399715,0.0014591
0.559075750357313,0.0014125
0.5600762267746546,0.0014125
0.5610767031919962,0.0014125
0.5620771796093378,0.0013915
0.5630776560266795,0.0013915
0.5640781324440209,0.0013701
0.5650786088613626,0.0013701
0.5660790852787042,0.0013701
0.5670795616960458,0.0013424
0.5680800381133874,0.0013424
0.5690805145307289,0.0012437
0.5700809909480705,0.0012437
0.5710814673654121,0.0012437
0.5720819437827538,0.0012907
0.5730824202000953,0.0012907
0.5740828966174369,0.0012564
0.5750833730347785,0.0012564
0.5760838494521201,0.0012564
0.5770843258694617,0.001249
0.5780848022868033,0.001249
0.5790852787041448,0.0012388
0.5800857551214864,0.0012388
0.5810862315388281,0.0012388
0.5820867079561697,0.0012335
0.5830871843735113,0.0012335
0.5840876607908528,0.0012248
0.5850881372081944,0.0012248
0.586088613625536,0.0012248
0.5870890900428776,0.0011432
0.5880895664602193,0.0011432
0.5890900428775607,0.0008862
0.5900905192949024,0.0009087666666666682
0.591090995712244,0.000931333333333334
0.5920914721295856,0.0009539
0.5930919485469272,0.0009539
0.5940924249642687,0.0009827999999999998
0.5950929013816103,0.0009827999999999998
0.5960933777989519,0.0009827999999999998
0.5970938542162936,0.0010456
0.598094330633635,0.0010456
0.5990948070509767,0.0010752
0.6000952834683183,0.0010752
0.6010957598856599,0.0010752
0.6020962363030015,0.001056
0.603096712720343,0.001056
0.6040971891376846,0.0010417999999999998
0.6050976655550262,0.0010417999999999998
0.6060981419723679,0.0010417999999999998
0.6070986183897095,0.0010278
0.608099094807051,0.0010278
0.6090995712243926,0.0010138
0.6101000476417342,0.0010138
0.6111005240590758,0.0010138
0.6121010004764174,0.0010016
0.613101476893759,0.0010016
0.6141019533111005,0.0009893
0.6151024297284422,0.0009893
0.6161029061457838,0.0009893
0.6171033825631254,0.000993
0.6181038589804669,0.000993
0.6191043353978085,0.0009961
0.6201048118151501,0.0009961
0.6211052882324917,0.0009961
0.6221057646498334,0.0009786
0.6231062410671748,0.0009786
0.6241067174845165,0.0009611000000000001
0.6251071939018581,0.0009611000000000001
0.6261076703191997,0.0009611000000000001
0.6271081467365412,0.0009340999999999999
0.6281086231538828,0.0009340999999999999
0.6291090995712244,0.0009153
0.630109575988566,0.0009153
0.6311100524059077,0.0009153
0.6321105288232493,0.0009225
0.6331110052405908,0.00093245
0.6341114816579324,0.0009424
0.635111958075274,0.0009424
0.6361124344926156,0.0009424
0.6371129109099571,0.0009425000000000001
0.6381133873272987,0.0009425000000000001
0.6391138637446403,0.0009439
0.640114340161982,0.0009439
0.6411148165793236,0.0009439
0.6421152929966651,0.0009398999999999999
0.6431157694140067,0.0009398999999999999
0.6441162458313483,0.0009305
0.6451167222486899,0.0009305
0.6461171986660315,0.0009305
0.6471176750833731,0.0008622999999999999
0.6481181515007146,0.0008622999999999999
0.6491186279180563,0.0009148
0.6501191043353979,0.0009148
0.6511195807527395,0.0009148
0.652120057170081,0.0008710000000000001
0.6531205335874226,0.0008710000000000001
0.6541210100047643,0.0008619999999999999
0.6551214864221058,0.0008619999999999999
0.6561219628394475,0.0008619999999999999
0.6571224392567889,0.0009009
0.6581229156741306,0.0009009
0.6591233920914722,0.0010095000000000002
0.6601238685088138,0.0010095000000000002
0.6611243449261553,0.0010095000000000002
0.6621248213434969,0.0011608
0.6631252977608386,0.0011608
0.6641257741781801,0.0013204
0.6651262505955218,0.0013204
0.6661267270128632,0.0013204
0.6671272034302049,0.0015731
0.6681276798475465,0.0015731
0.6691281562648881,0.0018262
0.6701286326822297,0.0018960999999999974
0.6711291090995712,0.001965999999999995
0.6721295855169129,0.0020359
0.6731300619342544,0.0020359
0.6741305383515961,0.0022463
0.6751310147689377,0.0022463
0.6761314911862792,0.0022463
0.6771319676036208,0.0024491
0.6781324440209624,0.0024491
0.679132920438304,0.0026495
0.6801333968556456,0.0026495
0.6811338732729872,0.0026495
0.6821343496903287,0.0028296
0.6831348261076704,0.0028296
0.684135302525012,0.0030128
0.6851357789423536,0.0030128
0.6861362553596951,0.0030128
0.6871367317770367,0.0021292000000000004
0.6881372081943784,0.0021292000000000004
0.6891376846117199,0.0030134
0.6901381610290616,0.0030134
0.691138637446403,0.0030134
0.6921391138637447,0.0033232999999999995
0.6931395902810863,0.0033232999999999995
0.6941400666984279,0.002822
0.6951405431157694,0.002822
0.696141019533111,0.002822
0.6971414959504527,0.0038497999999999996
0.6981419723677942,0.0038497999999999996
0.6991424487851359,0.0035446
0.7001429252024773,0.0035446
0.701143401619819,0.0035446
0.7021438780371606,0.0040098
0.7031443544545022,0.0040098
0.7041448308718438,0.0044039
0.7051453072891853,0.0044039
0.706145783706527,0.0044039
0.7071462601238685,0.0044544
0.7081467365412102,0.0044544
0.7091472129585518,0.0046936
0.7101476893758933,0.0046936
0.7111481657932349,0.0046936
0.7121486422105765,0.0049829
0.7131491186279182,0.0049829
0.7141495950452597,0.0046988
0.7151500714626013,0.0046988
0.7161505478799428,0.0046988
0.7171510242972845,0.003057
0.7181515007146261,0.003057
0.7191519771319677,0.0027076
0.7201524535493092,0.0027076
0.7211529299666508,0.0027076
0.7221534063839925,0.0055378
0.723153882801334,0.0055378
0.7241543592186757,0.0039769
0.7251548356360171,0.0039769
0.7261553120533588,0.0039769
0.7271557884707004,0.003907
0.728156264888042,0.003907
0.7291567413053835,0.0045556
0.7301572177227251,0.0045556
0.7311576941400668,0.0045556
0.7321581705574083,0.0053067
0.73315864697475,0.0053067
0.7341591233920916,0.0054011
0.7351595998094331,0.0054011
0.7361600762267747,0.0054011
0.7371605526441163,0.0061001
0.738161029061458,0.0061001
0.7391615054787994,0.0058731
0.7401619818961411,0.0058731
0.7411624583134826,0.0058731
0.7421629347308243,0.0063469
0.7431634111481659,0.0063469
0.7441638875655074,0.0067238
0.745164363982849,0.0067238
0.7461648404001906,0.0067238
0.7471653168175323,0.0067583
0.7481657932348738,0.0067583
0.7491662696522154,0.006781
0.7501667460695569,0.006781
0.7511672224868986,0.006781
0.7521676989042402,0.0067771
0.7531681753215818,0.0067771
0.7541686517389233,0.0067729
0.7551691281562649,0.0067729
0.7561696045736066,0.0067729
0.7571700809909481,0.0067569
0.7581705574082898,0.0067569
0.7591710338256313,0.0013688
0.7601715102429729,0.0020555
0.7611719866603145,0.0027422
0.7621724630776561,0.0034289
0.7631729394949976,0.0034289
0.7641734159123392,0.0042021
0.7651738923296809,0.0042021
0.7661743687470224,0.0042021
0.7671748451643641,0.0060722
0.7681753215817057,0.0060722
0.7691757979990472,0.0065367
0.7701762744163888,0.0065367
0.7711767508337304,0.0065367
0.7721772272510721,0.0066324
0.7731777036684135,0.0066324
0.7741781800857552,0.0066688
0.7751786565030967,0.0066688
0.7761791329204384,0.0066688
0.77717960933778,0.0066791
0.7781800857551215,0.0066791
0.7791805621724631,0.0066767
0.7801810385898047,0.0066767
0.7811815150071464,0.0066767
0.7821819914244879,0.0066794
0.7831824678418295,0.0066794
0.7841829442591711,0.0066383
0.7851834206765127,0.0066383
0.7861838970938543,0.0066383
0.7871843735111959,0.0061986
0.7881848499285374,0.0061986
0.789185326345879,0.0058909
0.7901858027632207,0.0058909
0.7911862791805622,0.0058909
0.7921867555979039,0.0062975
0.7931872320152454,0.0062975
0.794187708432587,0.0061813
0.7951881848499286,0.0061813
0.7961886612672702,0.0061813
0.7971891376846119,0.00627
0.7981896141019533,0.00627
0.799190090519295,0.0059574
0.8001905669366365,0.0059574
0.8011910433539782,0.0059574
0.8021915197713197,0.0062089
0.8031919961886613,0.0062089
0.8041924726060029,0.0058819
0.8051929490233445,0.0058819
0.8061934254406862,0.0058819
0.8071939018580276,0.0062981
0.8081943782753693,0.0062981
0.8091948546927108,0.0060879
0.8101953311100525,0.0060879
0.8111958075273941,0.0060879
0.8121962839447356,0.0049764
0.8131967603620772,0.0049764
0.8141972367794188,0.0036277
0.8151977131967605,0.0036277
0.816198189614102,0.0036277
0.8171986660314436,0.0040542
0.8181991424487852,0.0040542
0.8191996188661268,0.004140400000000001
0.8202000952834684,0.004140400000000001
0.82120057170081,0.004140400000000001
0.8222010481181516,0.0029696
0.8232015245354931,0.0029696
0.8242020009528348,0.0048431
0.8252024773701763,0.0048431
0.826202953787518,0.0048431
0.8272034302048595,0.0042499
0.8282039066222011,0.0042499
0.8292043830395427,0.0051465
0.8302048594568843,0.0051465
0.831205335874226,0.0051465
0.8322058122915674,0.0041121
0.8332062887089091,0.0041121
0.8342067651262506,0.0055309
0.8352072415435923,0.0055309
0.8362077179609338,0.0055309
0.8372081943782754,0.0055505
0.838208670795617,0.0055505
0.8392091472129586,0.0056743
0.8402096236303003,0.0056743
0.8412101000476417,0.0056743
0.8422105764649834,0.0061869
0.843211052882325,0.0061869
0.8442115292996666,0.0060805
0.8452120057170082,0.0060805
0.8462124821343497,0.0060805
0.8472129585516914,0.0060603
0.8482134349690329,0.0060603
0.8492139113863746,0.005913
0.850214387803716,0.005913
0.8512148642210577,0.005913
0.8522153406383993,0.0057276
0.8532158170557409,0.0057276
0.8542162934730825,0.0057139
0.8552167698904241,0.0057139
0.8562172463077657,0.0057139
0.8572177227251072,0.005873
0.8582181991424489,0.005873
0.8592186755597904,0.0061776
0.8602191519771321,0.006131166666666663
0.8612196283944736,0.0060847333333333324
0.8622201048118152,0.0060383
0.8632205812291568,0.0060383
0.8642210576464984,0.0059051
0.8652215340638401,0.0059051
0.8662220104811815,0.0059051
0.8672224868985232,0.0059626
0.8682229633158648,0.0059626
0.8692234397332064,0.006025
0.870223916150548,0.006025
0.8712243925678895,0.006025
0.8722248689852311,0.0061389
0.8732253454025727,0.0061389
0.8742258218199144,0.0062431
0.8752262982372558,0.0062431
0.8762267746545975,0.0062431
0.8772272510719391,0.0062068
0.8782277274892807,0.0062068
0.8792282039066223,0.0061544
0.8802286803239638,0.0061544
0.8812291567413055,0.0061544
0.882229633158647,0.0060348
0.8832301095759887,0.0060348
0.8842305859933302,0.0060635
0.8852310624106718,0.0060635
0.8862315388280134,0.0060635
0.887232015245355,0.0060614
0.8882324916626966,0.0060614
0.8892329680800382,0.005801
0.8902334444973798,0.005801
0.8912339209147213,0.005801
0.892234397332063,0.0059199
0.8932348737494045,0.0059199
0.8942353501667462,0.0044094
0.8952358265840877,0.0044094
0.8962363030014293,0.0044094
0.8972367794187709,0.0032558
0.8982372558361125,0.0032558
0.8992377322534542,0.0031033
0.9002382086707957,0.0031033
0.9012386850881373,0.0031033
0.9022391615054789,0.0026755
0.9032396379228205,0.0026755
0.904240114340162,0.0043119
0.9052405907575036,0.0043119
0.9062410671748452,0.0043119
0.9072415435921868,0.0026448
0.9082420200095285,0.0026448
0.90924249642687,0.0033116
0.9102429728442116,0.0033116
0.9112434492615532,0.0033116
0.9122439256788948,0.0029565
0.9132444020962364,0.0029565
0.9142448785135779,0.0022588
0.9152453549309195,0.0022588
0.9162458313482611,0.0022588
0.9172463077656028,0.0019077000000000002
0.9182467841829444,0.0019077000000000002
0.9192472606002859,0.0052807
0.9202477370176275,0.0052807
0.9212482134349691,0.0052807
0.9222486898523107,0.0032688000000000005
0.9232491662696523,0.0032688000000000005
0.9242496426869938,0.0034321
0.9252501191043355,0.0034321
0.9262505955216771,0.0035494999999999997
0.9272510719390187,0.0035494999999999997
0.9282515483563603,0.0035494999999999997
0.9292520247737018,0.0011813
0.9302525011910434,0.0011813
0.931252977608385,0.0003982
0.9322534540257266,0.0003982
0.9332539304430683,0.0003982
0.9342544068604098,0.0003955
0.9352548832777514,0.0003955
0.936255359695093,0.0003328
0.9372558361124346,0.0003328
0.9382563125297761,0.0003328
0.9392567889471177,0.0016687
0.9402572653644593,0.0016687
0.9412577417818009,0.0012039
0.9422582181991426,0.0012039
0.9432586946164842,0.0012039
0.9442591710338257,0.00012330000000000002
0.9452596474511673,0.00012330000000000002
0.9462601238685089,0.0006968
0.9472606002858505,0.0006968
0.948261076703192,0.0006968
0.9492615531205336,0.0001782
0.9502620295378753,0.0001782
0.9512625059552169,0.0006438
0.9522629823725585,0.0006438
0.9532634587899,0.0006438
0.9542639352072416,0.0006608
0.9552644116245832,0.0006608
0.9562648880419248,0.0013467
0.9572653644592664,0.0013467
0.9582658408766079,0.0013467
0.9592663172939496,0.0014035
0.9602667937112912,0.0014035
0.9612672701286328,0.0016274999999999998
0.9622677465459744,0.0016274999999999998
0.9632682229633159,0.0016274999999999998
0.9642686993806575,0.0013358
0.9652691757979991,0.0013358
0.9662696522153407,0.0034805999999999995
0.9672701286326824,0.0034805999999999995
0.9682706050500239,0.0034805999999999995
0.9692710814673655,0.0033409999999999994
0.9702715578847071,0.0033409999999999994
0.9712720343020487,0.0035451
0.9722725107193902,0.0035451
0.9732729871367318,0.0035451
0.9742734635540734,0.0034680999999999996
0.9752739399714151,0.0034680999999999996
0.9762744163887567,0.0035636000000000005
0.9772748928060982,0.0035636000000000005
0.9782753692234398,0.0035636000000000005
0.9792758456407814,0.0032988999999999996
0.980276322058123,0.0032988999999999996
0.9812767984754646,0.0036804
0.9822772748928061,0.0036804
0.9832777513101477,0.0036804
0.9842782277274894,0.0036865
0.985278704144831,0.0036865
0.9862791805621726,0.0043796
0.9872796569795141,0.0043796
0.9882801333968557,0.0043796
0.9892806098141973,0.0049018
0.9902810862315389,0.0049018
0.9912815626488805,0.0047819
0.9922820390662221,0.0047819
0.9932825154835637,0.0047819
0.9942829919009053,0.0051776
0.9952834683182469,0.0051776
0.9962839447355885,0.0050609
0.99728442115293,0.0050609
0.9982848975702716,0.0050609
0.9992853739876132,0.0050696
1.0002858504049548,0.0050696
1.0012863268222965,0.0048838
1.0022868032396381,0.0048838
1.0032872796569796,0.0048838
1.004287756074321,0.0050294
1.0052882324916628,0.0050294
1.0062887089090045,0.0049147
1.007289185326346,0.0049147
1.0082896617436874,0.0049147
1.0092901381610293,0.0047507
1.0102906145783708,0.0047507
1.0112910909957122,0.0049313
1.012291567413054,0.0049313
1.0132920438303956,0.0049313
1.014292520247737,0.0049195
1.0152929966650786,0.0049195
1.0162934730824202,0.0049316
1.017293949499762,0.0049316
1.0182944259171034,0.0049316
1.019294902334445,0.004816
1.0202953787517868,0.004816
1.0212958551691282,0.0048579
1.0222963315864697,0.0048579
1.0232968080038114,0.0048579
1.024297284421153,0.0048673
1.0252977608384946,0.0048673
1.0262982372558362,0.0047547
1.027298713673178,0.0047547
1.0282991900905194,0.0047547
1.0292996665078609,0.0048386
1.0303001429252026,0.0048386
1.0313006193425442,0.004831
1.0323010957598857,0.004831
1.0333015721772272,0.004831
1.034302048594569,0.004804
1.0353025250119106,0.004804
1.036303001429252,0.0047802
1.0373034778465937,0.0047802
1.0383039542639354,0.0047802
1.0393044306812769,0.0047535
1.0403049070986183,0.0047535
1.04130538351596,0.0047308
1.0423058599333017,0.0047308
1.0433063363506432,0.0047308
1.0443068127679849,0.0047053
1.0453072891853266,0.0047053
1.046307765602668,0.0046792
1.0473082420200095,0.0046792
1.0483087184373512,0.0046792
1.0493091948546929,0.0046401
1.0503096712720343,0.0046401
1.051310147689376,0.0046202
1.0523106241067177,0.0046202
1.0533111005240592,0.0046202
1.0543115769414007,0.0045918
1.0553120533587423,0.0045918
1.056312529776084,0.0045595
1.0573130061934255,0.0045595
1.058313482610767,0.0045595
1.0593139590281089,0.0045274
1.0603144354454503,0.0045274
1.0613149118627918,0.0044833
1.0623153882801335,0.0044833
1.0633158646974752,0.0044833
1.0643163411148167,0.0044361
1.0653168175321581,0.0044361
1.0663172939494998,0.0043711
1.0673177703668415,0.0043711
1.068318246784183,0.0043711
1.0693187232015247,0.004286999999999999
1.0703191996188663,0.004286999999999999
1.0713196760362078,0.0041803
1.0723201524535493,0.0041803
1.073320628870891,0.0041803
1.0743211052882327,0.0039683
1.0753215817055741,0.0039683
1.0763220581229158,0.0038025
1.0773225345402575,0.0038025
1.078323010957599,0.0038025
1.0793234873749404,0.0038055
1.0803239637922821,0.0038055
1.0813244402096238,0.0042929
1.0823249166269653,0.0042929
1.0833253930443068,0.0042929
1.0843258694616484,0.0038857999999999996
1.0853263458789901,0.0038857999999999996
1.0863268222963316,0.0038177999999999997
1.0873272987136733,0.0038177999999999997
1.088327775131015,0.0038177999999999997
1.0893282515483564,0.0034311999999999997
1.090328727965698,0.0034311999999999997
1.0913292043830396,0.0030155
1.0923296808003813,0.0030155
1.0933301572177228,0.0030155
1.0943306336350644,0.0030491
1.0953311100524061,0.0030491
1.0963315864697476,0.0038808999999999996
1.097332062887089,0.0038808999999999996
1.0983325393044308,0.0038808999999999996
1.0993330157217724,0.0033207
1.100333492139114,0.0033207
1.1013339685564556,0.0031838
1.1023344449737973,0.0031838
1.1033349213911388,0.0031838
1.1043353978084802,0.002695
1.105335874225822,0.002695
1.1063363506431636,0.0018226
1.107336827060505,0.0018226
1.1083373034778465,0.0018226
1.1093377798951882,0.0017389
1.11033825631253,0.0017389
1.1113387327298714,0.0008824
1.112339209147213,0.0008824
1.1133396855645548,0.0008824
1.1143401619818962,0.0006521
1.1153406383992377,0.0006521
1.1163411148165794,0.0007457
1.117341591233921,0.0007457
1.1183420676512625,0.0007457
1.1193425440686042,0.0003276
1.120343020485946,0.0003276
1.1213434969032874,0.0001448
1.1223439733206289,0.0001448
1.1233444497379705,0.0001448
1.1243449261553122,0.0001353
1.1253454025726537,0.0001353
1.1263458789899952,0.00024089999999999997
1.127346355407337,0.00024089999999999997
1.1283468318246785,0.00024089999999999997
1.12934730824202,0.0011793
1.1303477846593617,0.0011793
1.1313482610767034,0.0016668
1.1323487374940449,0.0016668
1.1333492139113863,0.0016668
1.134349690328728,2.2e-06
1.1353501667460697,2.2e-06
1.1363506431634112,0.0014918
1.1373511195807529,0.0014918
1.1383515959980945,0.0014918
1.139352072415436,0.0012042
1.1403525488327775,0.0012042
1.1413530252501192,0.0014085
1.1423535016674609,0.0014085
1.1433539780848023,0.0014085
1.144354454502144,0.0001598
1.1453549309194857,0.0001598
1.1463554073368272,0.00043070000000000006
1.1473558837541686,0.00043070000000000006
1.1483563601715103,0.00043070000000000006
1.149356836588852,0.0003786
1.1503573130061935,0.0003786
1.151357789423535,0.000454
1.1523582658408769,0.000454
1.1533587422582183,0.000454
1.1543592186755598,0.00105
1.1553596950929015,0.00105
1.1563601715102432,0.0009664
1.1573606479275846,0.0009664
1.158361124344926,0.0009664
1.1593616007622678,0.0011703
1.1603620771796095,0.0011703
1.161362553596951,0.001324
1.1623630300142926,0.001324
1.1633635064316343,0.001324
1.1643639828489758,0.0017446000000000002
1.1653644592663173,0.0017446000000000002
1.166364935683659,0.0022815
1.1673654121010006,0.0022815
1.168365888518342,0.0022815
1.1693663649356838,0.0024046
1.1703668413530255,0.0024046
1.171367317770367,0.0018998
1.1723677941877084,0.0018998
1.1733682706050501,0.0018998
1.1743687470223918,0.001437
1.1753692234397333,0.001437
1.1763696998570747,0.0019032
1.1773701762744166,0.0019032
1.1783706526917581,0.0019032
1.1793711291090996,0.0024769
1.1803716055264413,0.0024769
1.181372081943783,0.0021086
1.1823725583611244,0.0021086
1.183373034778466,0.0021086
1.1843735111958076,0.0025537
1.1853739876131493,0.0025537
1.1863744640304907,0.0026392
1.1873749404478324,0.0026392
1.1883754168651741,0.0026392
1.1893758932825156,0.0025858
1.190376369699857,0.0025858
1.1913768461171987,0.0031655
1.1923773225345404,0.0031655
1.193377798951882,0.0031655
1.1943782753692236,0.0027886
1.1953787517865653,0.0027886
1.1963792282039067,0.0029731
1.1973797046212482,0.0029731
1.19838018103859,0.0029731
1.1993806574559316,0.0024543
1.200381133873273,0.0024543
1.2013816102906145,0.0029092
1.2023820867079564,0.0029092
1.203382563125298,0.0029092
1.2043830395426394,0.0026462
1.205383515959981,0.0026462
1.2063839923773227,0.0025432
1.2073844687946642,0.0025432
1.2083849452120057,0.0025432
1.2093854216293474,0.0028279
1.210385898046689,0.0028279
1.2113863744640305,0.0030476
1.2123868508813722,0.0030476
1.213387327298714,0.0030476
1.2143878037160554,0.0025537
1.2153882801333968,0.0025537
1.2163887565507385,0.0028614
1.2173892329680802,0.0028614
1.2183897093854217,0.0028614
1.2193901858027634,0.0031428
1.220390662220105,0.0031428
1.2213911386374465,0.003187
1.222391615054788,0.003187
1.2233920914721297,0.003187
1.2243925678894714,0.0031719
1.2253930443068128,0.0031719
1.2263935207241543,0.0032018
1.2273939971414962,0.0032018
1.2283944735588377,0.0032018
1.2293949499761792,0.0032447000000000005
1.2303954263935208,0.0032447000000000005
1.2313959028108625,0.003214
1.232396379228204,0.003214
1.2333968556455455,0.003214
1.2343973320628872,0.003233
1.2353978084802288,0.003233
1.2363982848975703,0.0031467
1.237398761314912,0.0031467
1.2383992377322537,0.0031467
1.2393997141495952,0.0032021
1.2404001905669366,0.0032147499999999984
1.2414006669842783,0.0032274
1.24240114340162,0.0032274
1.2434016198189615,0.0032274
1.2444020962363032,0.0031989
1.2454025726536448,0.0031989
1.2464030490709863,0.0031316
1.2474035254883278,0.0031316
1.2484040019056695,0.0031316
1.2494044783230112,0.0031393
1.2504049547403526,0.0031393
1.251405431157694,0.0030962
1.252405907575036,0.0030962
1.2534063839923775,0.0030962
1.254406860409719,0.0030438
1.2554073368270606,0.0030438
1.2564078132444023,0.0030259
1.2574082896617438,0.0030259
1.2584087660790853,0.0030259
1.259409242496427,0.0028936
1.2604097189137686,0.0028936
1.26141019533111,0.0028344
1.2624106717484518,0.0028344
1.2634111481657935,0.0028344
1.264411624583135,0.0027329
1.2654121010004764,0.0027329
1.266412577417818,0.0023417
1.2674130538351598,0.0023417
1.2684135302525013,0.0023417
1.269414006669843,0.0025625
1.2704144830871846,0.0025625
1.271414959504526,0.0026907
1.2724154359218676,0.0026907
1.2734159123392093,0.0026907
1.274416388756551,0.0027651
1.2754168651738924,0.0027651
1.2764173415912339,0.0027841
1.2774178180085756,0.0027841
1.2784182944259173,0.0027841
1.2794187708432587,0.0026052
1.2804192472606004,0.0026052
1.281419723677942,0.0027141
1.2824202000952836,0.0027141
1.283420676512625,0.0027141
1.2844211529299667,0.0025965
1.2854216293473084,0.0025965
1.2864221057646499,0.002476
1.2874225821819916,0.002476
1.2884230585993333,0.002476
1.2894235350166747,0.0023258
1.2904240114340162,0.0023258
1.2914244878513579,0.0023401
1.2924249642686996,0.0023401
1.293425440686041,0.0023401
1.2944259171033827,0.0022234
1.2954263935207244,0.0022234
1.2964268699380659,0.0020547
1.2974273463554074,0.0020547
1.298427822772749,0.0020547
1.2994282991900907,0.0020464
1.3004287756074322,0.0020464
1.3014292520247737,0.0015809
1.3024297284421154,0.0015809
1.303430204859457,0.0015809
1.3044306812767985,0.0016204999999999998
1.3054311576941402,0.0016204999999999998
1.3064316341114819,0.001818
1.3074321105288234,0.001818
1.3084325869461648,0.001818
1.3094330633635065,0.001342
1.3104335397808482,0.001342
1.3114340161981897,0.0012447
1.3124344926155314,0.0012447
1.313434969032873,0.0012447
1.3144354454502145,0.0011722
1.315435921867556,0.0011722
1.3164363982848977,0.0015062
1.3174368747022394,0.0015062
1.3184373511195808,0.0015062
1.3194378275369223,0.0009672000000000001
1.3204383039542642,0.0009672000000000001
1.3214387803716057,0.0011129
1.3224392567889471,0.0011129
1.3234397332062888,0.0011129
1.3244402096236305,0.0014622
1.325440686040972,0.0014622
1.3264411624583134,0.0010525
1.3274416388756551,0.0010525
1.3284421152929968,0.0010525
1.3294425917103383,0.0004292
1.33044306812768,0.0004292
1.3314435445450217,0.0005224
1.3324440209623631,0.0005224
1.3334444973797046,0.0005224
1.3344449737970463,0.0006398
1.335445450214388,0.0006398
1.3364459266317295,0.0007446
1.3374464030490711,0.0007446
1.3384468794664128,0.0007446
1.3394473558837543,0.0005114
1.3404478323010958,0.0005114
1.3414483087184375,0.0001807
1.3424487851357791,0.0001807
1.3434492615531206,0.0001807
1.344449737970462,9.28e-05
1.345450214387804,9.28e-05
1.3464506908051455,4.17e-05
1.347451167222487,4.17e-05
1.3484516436398286,4.17e-05
1.3494521200571703,4.9e-06
1.3504525964745118,4.9e-06
1.3514530728918532,4e-07
1.352453549309195,4e-07
1.3534540257265366,4e-07
1.354454502143878,1e-07
1.3554549785612198,1e-07
1.3564554549785615,0.0
1.357455931395903,0.0
1.3584564078132444,0.0
1.359456884230586,0.0
1.3604573606479278,0.0
1.3614578370652692,0.0
1.362458313482611,0.0
1.3634587898999526,0.0
1.364459266317294,0.0
1.3654597427346356,0.0
1.3664602191519772,0.0
1.367460695569319,0.0
1.3684611719866604,0.0
1.3694616484040019,0.0
1.3704621248213438,0.0
1.3714626012386852,2e-07
1.3724630776560267,2e-07
1.3734635540733684,2e-07
1.37446403049071,2.8e-06
1.3754645069080516,2.8e-06
1.376464983325393,6e-07
1.3774654597427347,6e-07
1.3784659361600764,6e-07
1.3794664125774179,0.0
1.3804668889947596,0.0
1.3814673654121012,0.0
1.3824678418294427,0.0
1.3834683182467842,0.0
1.3844687946641259,4e-07
1.3854692710814676,4e-07
1.386469747498809,0.0
1.3874702239161507,0.0
1.3884707003334924,0.0
1.3894711767508339,3.3e-06
1.3904716531681753,3.3e-06
1.391472129585517,0.0
1.3924726060028587,0.0
1.3934730824202002,0.0
1.3944735588375416,0.0
1.3954740352548836,0.0
1.396474511672225,5.99e-05
1.3974749880895665,5.99e-05
1.3984754645069082,5.99e-05
1.3994759409242499,8.999999999999999e-07
1.4004764173415913,8.999999999999999e-07
1.4014768937589328,0.0
1.4024773701762747,0.0
1.4034778465936162,0.0
1.4044783230109577,0.0
1.4054787994282991,0.0
1.406479275845641,3e-07
1.4074797522629825,3e-07
1.408480228680324,3e-07
1.4094807050976659,1e-07
1.4104811815150073,1e-07
1.4114816579323488,6e-07
1.4124821343496903,6e-07
1.4134826107670322,6e-07
1.4144830871843737,1.2e-05
1.4154835636017151,1.2e-05
1.416484040019057,9.9e-06
1.4174845164363985,9.9e-06
1.41848499285374,9.9e-06
1.4194854692710814,5e-07
1.4204859456884233,5e-07
1.4214864221057648,8e-07
1.4224868985231063,8e-07
1.4234873749404477,8e-07
1.4244878513577897,1.26e-05
1.4254883277751311,1.26e-05
1.4264888041924726,5.3e-06
1.4274892806098145,5.3e-06
1.428489757027156,5.3e-06
1.4294902334444974,1.93e-05
1.430490709861839,1.93e-05
1.4314911862791808,5.5e-06
1.4324916626965223,5.5e-06
1.4334921391138638,5.5e-06
1.4344926155312057,3.1e-05
1.4354930919485471,3.1e-05
1.4364935683658886,1.06e-05
1.43749404478323,1.06e-05
1.438494521200572,1.06e-05
1.4394949976179134,9.2e-06
1.440495474035255,9.2e-06
1.4414959504525968,7.3e-06
1.4424964268699383,7.3e-06
1.4434969032872798,7.3e-06
1.4444973797046212,7e-05
1.4454978561219631,7e-05
1.4464983325393046,0.000188
1.447498808956646,0.000188
1.4484992853739875,0.000188
1.4494997617913294,3.2e-06
1.450500238208671,3.2e-06
1.4515007146260124,0.0001344
1.4525011910433543,0.0001344
1.4535016674606958,0.0001344
1.4545021438780372,8.68e-05
1.4555026202953787,8.68e-05
1.4565030967127206,0.0002598
1.457503573130062,0.0002598
1.4585040495474035,0.0002598
1.4595045259647454,0.00010109999999999999
1.460505002382087,0.00010109999999999999
1.4615054787994284,0.0001399
1.4625059552167698,0.0001399
1.4635064316341118,0.0001399
1.4645069080514532,9.18e-05
1.4655073844687947,9.18e-05
1.4665078608861366,7.49e-05
1.467508337303478,7.49e-05
1.4685088137208195,7.49e-05
1.469509290138161,0.0001131
1.470509766555503,0.0001131
1.4715102429728444,1.06e-05
1.4725107193901859,1.06e-05
1.4735111958075273,1.06e-05
1.4745116722248692,5.819999999999999e-05
1.4755121486422107,5.819999999999999e-05
1.4765126250595522,0.0002209
1.477513101476894,0.0002209
1.4785135778942355,0.0002209
1.479514054311577,0.0001036
1.4805145307289185,0.0001036
1.4815150071462604,0.0001369
1.4825154835636019,0.0001369
1.4835159599809433,0.0001369
1.4845164363982852,0.0003106
1.4855169128156267,0.0003106
1.4865173892329682,0.00020179999999999997
1.4875178656503096,0.00020179999999999997
1.4885183420676515,0.00020179999999999997
1.489518818484993,0.0002958
1.4905192949023345,0.0002958
1.491519771319676,0.0003252
1.4925202477370179,0.0003252
1.4935207241543593,0.0003252
1.4945212005717008,0.000443
1.4955216769890427,0.000443
1.4965221534063842,0.0007064
1.4975226298237256,0.0007064
1.498523106241067,0.0007064
1.499523582658409,0.0008978
1.5005240590757505,0.0008978
1.501524535493092,0.000674
1.5025250119104339,0.000674
1.5035254883277753,0.000674
1.5045259647451168,0.0008127000000000001
1.5055264411624583,0.0008127000000000001
1.5065269175798002,0.0009409000000000002
1.5075273939971416,0.0009409000000000002
1.508527870414483,0.0009409000000000002
1.509528346831825,0.0011824
1.5105288232491665,0.0011824
1.511529299666508,0.0009999
1.5125297760838494,0.0009999
1.5135302525011913,0.0009999
1.5145307289185328,0.0008256
1.5155312053358743,0.0008256
1.5165316817532157,0.0009215999999999998
1.5175321581705576,0.0009215999999999998
1.518532634587899,0.0009215999999999998
1.5195331110052406,0.0010477
1.5205335874225825,0.0010477
1.521534063839924,0.0012532
1.5225345402572654,0.0012532
1.523535016674607,0.0012532
1.5245354930919488,0.0009974
1.5255359695092903,0.0009974
1.5265364459266317,0.0011184
1.5275369223439736,0.0011184
1.5285373987613151,0.0011184
1.5295378751786566,0.001116
1.530538351595998,0.001116
1.53153882801334,0.0013315
1.5325393044306814,0.0013315
1.533539780848023,0.0013315
1.5345402572653648,0.0012228
1.5355407336827063,0.0012228
1.5365412101000477,0.0013025
1.5375416865173892,0.0013025
1.5385421629347311,0.0013025
1.5395426393520726,0.0013232
1.540543115769414,0.0013232
1.5415435921867555,0.0013132
1.5425440686040974,0.0013132
1.543544545021439,0.0013132
1.5445450214387804,0.0013461
1.5455454978561223,0.0013461
1.5465459742734637,0.0013693
1.5475464506908052,0.0013693
1.5485469271081467,0.0013693
1.5495474035254886,0.0014261
1.55054787994283,0.0014261
1.5515483563601715,0.0013829
1.5525488327775134,0.0013829
1.553549309194855,0.0013829
1.5545497856121964,0.0014202
1.5555502620295378,0.0014202
1.5565507384468797,0.0014293
1.5575512148642212,0.0014293
1.5585516912815627,0.0014293
1.5595521676989046,0.0014364
1.560552644116246,0.0014364
1.5615531205335875,0.0014182
1.562553596950929,0.0014182
1.563554073368271,0.0014182
1.5645545497856124,0.0014374
1.5655550262029538,0.0014374
1.5665555026202953,0.0013972
1.5675559790376372,0.0013972
1.5685564554549787,0.0013972
1.5695569318723201,0.0012772
1.570557408289662,0.0012772
1.5715578847070035,0.0012757
1.572558361124345,0.0012757
1.5735588375416865,0.0012757
1.5745593139590284,0.0013739
1.5755597903763698,0.0013739
1.5765602667937113,0.0013006
1.5775607432110532,0.0013006
1.5785612196283947,0.0013006
1.5795616960457362,0.0013644
1.5805621724630776,0.0013644
1.5815626488804195,0.0014169
1.582563125297761,0.0014169
1.5835636017151025,0.0014169
1.5845640781324444,0.0014322
1.5855645545497858,0.0014322
1.5865650309671273,0.0014725
1.5875655073844688,0.0014725
1.5885659838018107,0.0014725
1.5895664602191522,0.0014487
1.5905669366364936,0.0014487
1.591567413053835,0.0014657
1.592567889471177,0.0014657
1.5935683658885185,0.0014657
1.59456884230586,0.0014715
1.5955693187232018,0.0014715
1.5965697951405433,0.0014267
1.5975702715578848,0.0014267
1.5985707479752262,0.0014267
1.5995712243925682,0.0013159
1.6005717008099096,0.0013159
1.601572177227251,0.0013146
1.602572653644593,0.0013146
1.6035731300619345,0.0013146
1.604573606479276,0.0013353
1.6055740828966174,0.0013353
1.6065745593139593,0.0013942
1.6075750357313008,0.0013942
1.6085755121486423,0.0013942
1.6095759885659842,0.0012954
1.6105764649833256,0.0012954
1.611576941400667,0.0013441
1.6125774178180086,0.0013441
1.6135778942353505,0.0013441
1.614578370652692,0.0014088
1.6155788470700334,0.0014088
1.6165793234873749,0.0014258
1.6175797999047168,0.0014258
1.6185802763220583,0.0014258
1.6195807527393997,0.0014406
1.6205812291567416,0.0014406
1.621581705574083,0.0014454
1.6225821819914246,0.0014454
1.623582658408766,0.0014454
1.624583134826108,0.0014346
1.6255836112434494,0.0014346
1.6265840876607909,0.0014375
1.6275845640781328,0.0014375
1.6285850404954743,0.0014375
1.6295855169128157,0.0014316
1.6305859933301572,0.0014316
1.631586469747499,0.0014029
1.6325869461648406,0.0014029
1.633587422582182,0.0014029
1.634587898999524,0.0014064
1.6355883754168654,0.0014064
1.6365888518342069,0.0013899
1.6375893282515483,0.0013899
1.6385898046688903,0.0013899
1.6395902810862317,0.0013644
1.6405907575035732,0.0013644
1.6415912339209147,0.0013512
1.6425917103382566,0.0013512
1.643592186755598,0.0013512
1.6445926631729395,0.001325
1.6455931395902814,0.001325
1.6465936160076229,0.0013221
1.6475940924249644,0.0013221
1.6485945688423058,0.0013221
1.6495950452596477,0.0013163
1.6505955216769892,0.00131615
1.6515959980943307,0.001316
1.6525964745116726,0.001316
1.653596950929014,0.001316
1.6545974273463555,0.0013263
1.655597903763697,0.0013263
1.6565983801810389,0.0013296
1.6575988565983804,0.0013296
1.6585993330157218,0.0013296
1.6595998094330633,0.001357
1.6606002858504052,0.001357
1.6616007622677467,0.001322
1.6626012386850881,0.001322
1.66360171510243,0.001322
1.6646021915197715,0.0011599
1.665602667937113,0.0011599
1.6666031443544544,0.0012679
1.6676036207717964,0.0012679
1.6686040971891378,0.0012679
1.6696045736064793,0.0013172
1.6706050500238212,0.0013172
1.6716055264411627,0.0012818
1.6726060028585041,0.0012818
1.6736064792758456,0.0012818
1.6746069556931875,0.0012686
1.675607432110529,0.0012686
1.6766079085278704,0.0012184
1.6776083849452124,0.0012184
1.6786088613625538,0.0012184
1.6796093377798953,0.0012566
1.6806098141972368,0.0012566
1.6816102906145787,0.001257
1.6826107670319201,0.001257
1.6836112434492616,0.001257
1.684611719866603,0.0011844
1.685612196283945,0.0011844
1.6866126727012865,0.0012139
1.687613149118628,0.0012139
1.6886136255359698,0.0012139
1.6896141019533113,0.0010783
1.6906145783706528,0.0010783
1.6916150547879942,0.001182
1.6926155312053361,0.001182
1.6936160076226776,0.001182
1.694616484040019,0.0010414
1.695616960457361,0.0010414
1.6966174368747025,0.001035
1.697617913292044,0.001035
1.6986183897093854,0.001035
1.6996188661267273,0.0011495
1.7006193425440688,0.0011495
1.7016198189614102,0.0010663
1.7026202953787521,0.0010663
1.7036207717960936,0.0010663
1.704621248213435,0.0011111
1.7056217246307765,0.0011111
1.7066222010481185,0.0009069000000000001
1.70762267746546,0.0009069000000000001
1.7086231538828014,0.0009069000000000001
1.7096236303001429,0.0011233
1.7106241067174848,0.0011233
1.7116245831348262,0.0009555
1.7126250595521677,0.0009555
1.7136255359695096,0.0009555
1.714626012386851,0.000948
1.7156264888041926,0.000948
1.716626965221534,0.0010444
1.717627441638876,0.0010444
1.7186279180562174,0.0010444
1.7196283944735589,0.0011232
1.7206288708909008,0.0011232
1.7216293473082422,0.0007892
1.7226298237255837,0.0007892
1.7236303001429252,0.0007892
1.724630776560267,0.0008208
1.7256312529776086,0.0008208
1.72663172939495,0.0009422000000000001
1.727632205812292,0.0009422000000000001
1.7286326822296334,0.0009422000000000001
1.7296331586469749,0.0009359
1.7306336350643163,0.0009359
1.7316341114816582,0.000771
1.7326345878989997,0.000771
1.7336350643163412,0.000771
1.7346355407336826,0.0009477
1.7356360171510246,0.0009477
1.736636493568366,0.0007507
1.7376369699857075,0.0007507
1.7386374464030494,0.0007507
1.7396379228203909,0.0006911
1.7406383992377323,0.0006911
1.7416388756550738,0.0008558999999999999
1.7426393520724157,0.0008558999999999999
1.7436398284897572,0.0008558999999999999
1.7446403049070986,0.0008510999999999999
1.7456407813244406,0.0008510999999999999
1.746641257741782,0.0005491
1.7476417341591235,0.0005491
1.748642210576465,0.0005491
1.7496426869938069,0.0009439
1.7506431634111483,0.0009439
1.7516436398284898,0.0007512
1.7526441162458317,0.0007512
1.7536445926631732,0.0007512
1.7546450690805147,0.0004486
1.7556455454978561,0.0004486
1.756646021915198,0.0009666
1.7576464983325395,0.0009666
1.758646974749881,0.0009666
1.7596474511672224,0.0009597
1.7606479275845643,0.0009597
1.7616484040019058,0.0005187
1.7626488804192473,0.0005187
1.7636493568365892,0.0005187
1.7646498332539307,0.0003355
1.7656503096712721,0.0003355
1.7666507860886136,0.0005581
1.7676512625059555,0.0005581
1.768651738923297,0.0005581
1.7696522153406384,0.0005596
1.7706526917579803,0.0005596
1.7716531681753218,0.0005555
1.7726536445926633,0.0005555
1.7736541210100047,0.0005555
1.7746545974273467,0.0003669
1.7756550738446881,0.0003669
1.7766555502620296,0.0002247
1.7776560266793715,0.0002247
1.778656503096713,0.0002247
1.7796569795140544,0.0003143
1.780657455931396,0.0003143
1.7816579323487378,0.0003115
1.7826584087660793,0.0003115
1.7836588851834208,0.0003115
1.7846593616007622,0.000148
1.7856598380181041,0.000148
1.7866603144354456,0.0001626
1.787660790852787,0.0001626
1.788661267270129,0.0001626
1.7896617436874704,0.0002508
1.790662220104812,0.0002508
1.7916626965221534,6.2e-05
1.7926631729394953,6.2e-05
1.7936636493568368,6.2e-05
1.7946641257741782,6.13e-05
1.7956646021915201,6.13e-05
1.7966650786088616,0.00013360000000000002
1.797665555026203,0.00013360000000000002
1.7986660314435445,0.00013360000000000002
1.7996665078608864,1.14e-05
1.800666984278228,1.14e-05
1.8016674606955694,3.13e-05
1.8026679371129113,3.13e-05
1.8036684135302528,3.13e-05
1.8046688899475942,3.13e-05
1.8056693663649357,3.13e-05
1.8066698427822776,6.2e-06
1.807670319199619,6.2e-06
1.8086707956169605,6.2e-06
1.809671272034302,9.4e-06
1.810671748451644,9.4e-06
1.8116722248689854,7.7e-06
1.8126727012863268,7.7e-06
1.8136731777036688,7.7e-06
1.8146736541210102,1.1e-06
1.8156741305383517,1.1e-06
1.8166746069556932,1.1e-06
1.817675083373035,1.1e-06
1.8186755597903765,1.1e-06
1.819676036207718,0.0
1.82067651262506,0.0
1.8216769890424014,1.9e-06
1.8226774654597429,1.9e-06
1.8236779418770843,1.9e-06
1.8246784182944262,0.0
1.8256788947117677,0.0
1.8266793711291092,0.0
1.827679847546451,0.0
1.8286803239637925,0.0
1.829680800381134,0.0
1.8306812767984755,0.0
1.8316817532158174,3.5000000000000004e-06
1.8326822296331589,3.5000000000000004e-06
1.8336827060505003,3.5000000000000004e-06
1.8346831824678418,0.0
1.8356836588851837,0.0
1.8366841353025252,0.0
1.8376846117198666,0.0
1.8386850881372085,0.0
1.83968556455455,0.0
1.8406860409718915,0.0
1.841686517389233,0.0
1.8426869938065749,0.0
1.8436874702239163,0.0
1.8446879466412578,0.0
1.8456884230585997,0.0
1.8466888994759412,0.0
1.8476893758932826,0.0
1.848689852310624,0.0
1.849690328727966,0.0
1.8506908051453075,0.0
1.851691281562649,0.0
1.8526917579799904,0.0
1.8536922343973323,0.0
1.8546927108146738,0.0
1.8556931872320153,0.0
1.8566936636493572,0.0
1.8576941400666986,0.0
1.85869461648404,0.0
1.8596950929013816,0.0
1.8606955693187235,0.0
1.861696045736065,0.0
1.8626965221534064,0.0
1.8636969985707483,0.0
1.8646974749880898,0.0
1.8656979514054313,0.0
1.8666984278227727,0.0
1.8676989042401146,0.0
1.868699380657456,0.0
1.8696998570747976,0.0
1.8707003334921395,0.0
1.871700809909481,0.0
1.8727012863268224,0.0
1.873701762744164,0.0
1.8747022391615058,0.0
1.8757027155788473,0.0
1.8767031919961887,0.0
1.8777036684135302,0.0
1.8787041448308721,0.0
1.8797046212482136,1.6e-06
1.880705097665555,1.6e-06
1.881705574082897,1.5e-06
1.8827060505002384,1.5e-06
1.88370652691758,1.5e-06
1.8847070033349214,2e-07
1.8857074797522633,2e-07
1.8867079561696047,0.0
1.8877084325869462,0.0
1.8887089090042881,0.0
1.8897093854216296,0.0
1.890709861838971,0.0
1.8917103382563125,1e-07
1.8927108146736544,1e-07
1.893711291090996,1e-07
1.8947117675083374,1.99e-05
1.8957122439256793,1.99e-05
1.8967127203430207,1.92e-05
1.8977131967603622,1.92e-05
1.8987136731777037,1.92e-05
1.8997141495950456,0.0
1.900714626012387,0.0
1.9017151024297285,1e-07
1.90271557884707,1e-07
1.903716055264412,1e-07
1.9047165316817534,0.0
1.9057170080990948,0.0
1.9067174845164367,0.0
1.9077179609337782,0.0
1.9087184373511197,0.0
1.9097189137684611,0.0
1.910719390185803,0.0
1.9117198666031445,0.0
1.912720343020486,0.0
1.913720819437828,0.0
1.9147212958551694,0.0
1.9157217722725108,0.0
1.9167222486898523,5e-07
1.9177227251071942,5e-07
1.9187232015245357,5e-07
1.9197236779418771,0.0
1.920724154359219,0.0
1.9217246307765605,0.0
1.922725107193902,0.0
1.9237255836112435,0.0
1.9247260600285854,2e-07
1.9257265364459268,2e-07
1.9267270128632683,0.0
1.9277274892806098,0.0
1.9287279656979517,0.0
1.9297284421152932,0.0
1.9307289185326346,0.0
1.9317293949499765,1e-07
1.932729871367318,1e-07
1.9337303477846595,1e-07
1.934730824202001,3.3e-06
1.9357313006193428,3.3e-06
1.9367317770366843,3.3e-06
1.9377322534540258,3.3e-06
1.9387327298713677,3.3e-06
1.9397332062887092,0.0
1.9407336827060506,0.0
1.941734159123392,1.7999999999999997e-06
1.942734635540734,1.7999999999999997e-06
1.9437351119580755,1.7999999999999997e-06
1.944735588375417,1.7999999999999997e-06
1.9457360647927588,1.7999999999999997e-06
1.9467365412101003,3.5000000000000004e-06
1.9477370176274418,3.5000000000000004e-06
1.9487374940447832,3.5000000000000004e-06
1.9497379704621252,9.9e-06
1.9507384468794666,1e-05
1.951738923296808,1.01e-05
1.9527393997141496,1.01e-05
1.9537398761314915,1.01e-05
1.954740352548833,2.4e-06
1.9557408289661744,2.4e-06
1.9567413053835163,6.1e-06
1.9577417818008578,6.1e-06
1.9587422582181993,6.1e-06
1.9597427346355407,6.3e-06
1.9607432110528826,6.3e-06
1.961743687470224,8e-06
1.9627441638875656,8e-06
1.9637446403049075,8e-06
1.964745116722249,2.37e-05
1.9657455931395904,2.37e-05
1.9667460695569319,2.38e-05
1.9677465459742738,2.38e-05
1.9687470223916153,2.38e-05
1.9697474988089567,4.45e-05
1.9707479752262986,4.45e-05
1.97174845164364,4.58e-05
1.9727489280609816,4.58e-05
1.973749404478323,4.58e-05
1.974749880895665,4.71e-05
1.9757503573130064,4.71e-05
1.9767508337303479,8.1e-05
1.9777513101476893,8.1e-05
1.9787517865650313,8.35e-05
1.9797522629823727,8.35e-05
1.9807527393997142,8.35e-05
1.981753215817056,0.000101
1.9827536922343976,0.000101
1.983754168651739,0.00010369999999999999
1.9847546450690805,0.00010369999999999999
1.9857551214864224,0.00010369999999999999
1.9867555979037639,0.0001058
1.9877560743211053,0.0001058
1.9887565507384473,0.00010209999999999999
1.9897570271557887,0.00010209999999999999
1.9907575035731302,0.00010209999999999999
1.9917579799904717,0.0001367
1.9927584564078136,0.0001367
1.993758932825155,0.0001388
1.9947594092424965,0.0001388
1.9957598856598384,0.0001388
1.9967603620771799,8.74e-05
1.9977608384945214,8.74e-05
1.9987613149118628,8.87e-05
1.9997617913292047,8.87e-05
2.000762267746546,8.87e-05
2.0017627441638877,4.15e-05
2.002763220581229,4.15e-05
2.003763696998571,1.8e-05
2.0047641734159125,1.8e-05
2.005764649833254,1.8e-05
2.006765126250596,1.83e-05
2.0077656026679374,1.83e-05
2.008766079085279,9.21e-05
2.0097665555026203,9.21e-05
2.010767031919962,9.21e-05
2.0117675083373037,3.71e-05
2.012767984754645,3.71e-05
2.013768461171987,3.74e-05
2.0147689375893285,3.74e-05
2.01576941400667,3.74e-05
2.0167698904240114,4.14e-05
2.0177703668413534,4.14e-05
2.018770843258695,4.17e-05
2.0197713196760363,4.17e-05
2.020771796093378,4.17e-05
2.0217722725107197,9.37e-05
2.022772748928061,9.37e-05
2.0237732253454026,0.000159
2.0247737017627445,0.000159
2.025774178180086,0.000159
2.0267746545974274,0.0001588
2.027775131014769,0.0001588
2.028775607432111,0.0001791
2.0297760838494523,0.0001791
2.0307765602667938,0.0001791
2.0317770366841357,0.0001799
2.032777513101477,0.0001799
2.0337779895188186,0.000244
2.03477846593616,0.000244
2.035778942353502,0.000244
2.0367794187708435,0.0002285
2.037779895188185,0.0002285
2.038780371605527,0.0002294
2.0397808480228683,0.0002294
2.0407813244402098,0.0002294
2.0417818008575512,0.00024089999999999997
2.042782277274893,0.00024089999999999997
2.0437827536922346,0.0002636
2.044783230109576,0.0002636
2.0457837065269175,0.0002636
2.0467841829442595,0.00026389999999999996
2.047784659361601,0.00026389999999999996
2.0487851357789424,0.0001675
2.0497856121962843,0.0001675
2.0507860886136258,0.0001675
2.0517865650309672,0.0001672
2.0527870414483087,0.0001672
2.0537875178656506,0.0001346
2.054787994282992,0.0001346
2.0557884707003335,0.0001346
2.0567889471176755,0.0001354
2.057789423535017,0.0001354
2.0587898999523584,0.0001856
2.0597903763697,0.0001856
2.0607908527870418,0.0001856
2.0617913292043832,0.000152
2.0627918056217247,0.000152
2.0637922820390666,0.0001529
2.064792758456408,0.0001529
2.0657932348737496,0.0001529
2.066793711291091,0.0001558
2.067794187708433,0.0001558
2.0687946641257744,0.0001563
2.069795140543116,0.0001563
2.0707956169604573,0.0001563
2.0717960933777992,0.000194
2.0727965697951407,0.000194
2.073797046212482,0.0002072
2.074797522629824,0.0002072
2.0757979990471656,0.0002072
2.076798475464507,0.00020819999999999996
2.0777989518818485,0.00020819999999999996
2.0787994282991904,0.0002775
2.079799904716532,0.0002775
2.0808003811338733,0.0002775
2.0818008575512152,0.0002783
2.0828013339685567,0.0002783
2.083801810385898,0.0002515
2.0848022868032396,0.0002515
2.0858027632205816,0.0002515
2.086803239637923,0.0002527
2.0878037160552645,0.0002527
2.0888041924726064,0.0002842
2.089804668889948,0.0002842
2.0908051453072893,0.0002842
2.091805621724631,0.0002798
2.0928060981419727,0.0002798
2.093806574559314,0.0002791
2.0948070509766556,0.0002791
2.095807527393997,0.0002791
2.096808003811339,0.0002601
2.0978084802286805,0.0002601
2.098808956646022,0.00026070000000000005
2.099809433063364,0.00026070000000000005
2.1008099094807053,0.00026070000000000005
2.101810385898047,0.0002817
2.1028108623153883,0.0002817
2.10381133873273,0.0002838
2.1048118151500717,0.0002838
2.105812291567413,0.0002838
2.106812767984755,0.0003227
2.1078132444020965,0.0003227
2.108813720819438,0.0002915
2.1098141972367794,0.0002915
2.1108146736541213,0.0002915
2.111815150071463,0.000291
2.1128156264888043,0.000291
2.113816102906146,0.0002862
2.1148165793234877,0.0002862
2.115817055740829,0.0002862
2.1168175321581706,0.0002857
2.1178180085755125,0.0002857
2.118818484992854,0.0003056
2.1198189614101954,0.0003056
2.120819437827537,0.0003056
2.121819914244879,0.0003064
2.1228203906622203,0.0003064
2.1238208670795617,0.0003022
2.1248213434969037,0.0003022
2.125821819914245,0.0003022
2.1268222963315866,0.000303
2.127822772748928,0.000303
2.12882324916627,0.0003077
2.1298237255836114,0.0003077
2.130824202000953,0.0003077
2.131824678418295,0.0003217
2.1328251548356363,0.0003217
2.1338256312529778,0.0003218
2.134826107670319,0.0003218
2.135826584087661,0.0003218
2.1368270605050026,0.0003355
2.137827536922344,0.0003355
2.138828013339686,0.0003355
2.1398284897570274,0.0003355
2.140828966174369,0.0003355
2.1418294425917104,0.0003354
2.1428299190090523,0.0003354
2.1438303954263938,0.0003354
2.144830871843735,0.0003354
2.1458313482610767,0.0003354
2.1468318246784186,0.0003279
2.14783230109576,0.0003279
2.1488327775131015,0.0003292
2.1498332539304434,0.0003292
2.150833730347785,0.0003292
2.1518342067651264,0.0002561
2.152834683182468,0.0002561
2.1538351595998098,0.00025550000000000003
2.1548356360171512,0.00025550000000000003
2.1558361124344927,0.00025550000000000003
2.1568365888518346,0.00031
2.157837065269176,0.00031
2.1588375416865175,0.000266
2.159838018103859,0.000266
2.160838494521201,0.000266
2.1618389709385424,0.000266
2.162839447355884,0.000266
2.1638399237732258,0.0002941
2.1648404001905672,0.0002941
2.1658408766079087,0.0002941
2.16684135302525,0.0002934
2.167841829442592,0.0002934
2.1688423058599335,0.0003171
2.169842782277275,0.0003171
2.1708432586946165,0.0003171
2.1718437351119584,0.0003163
2.1728442115293,0.0003163
2.1738446879466413,0.0002845
2.1748451643639832,0.0002845
2.1758456407813247,0.0002845
2.176846117198666,0.0002844
2.1778465936160076,0.0002844
2.1788470700333495,0.0002713
2.179847546450691,0.0002713
2.1808480228680325,0.0002713
2.1818484992853744,0.00027
2.182848975702716,0.00027
2.1838494521200573,0.0002501
2.184849928537399,0.0002501
2.1858504049547407,0.0002501
2.186850881372082,0.00024940000000000004
2.1878513577894236,0.00024940000000000004
2.1888518342067655,0.0002962
2.189852310624107,0.0002962
2.1908527870414485,0.0002962
2.19185326345879,0.000296
2.192853739876132,0.000296
2.1938542162934733,0.0002764
2.194854692710815,0.0002764
2.1958551691281563,0.0002764
2.196855645545498,0.0002765
2.1978561219628396,0.0002765
2.198856598380181,0.0002306
2.199857074797523,0.0002306
2.2008575512148645,0.0002306
2.201858027632206,0.0002318
2.2028585040495474,0.0002318
2.2038589804668893,0.00026680000000000003
2.204859456884231,0.00026680000000000003
2.2058599333015723,0.00026680000000000003
2.206860409718914,0.0002636
2.2078608861362556,0.0002636
2.208861362553597,0.0003028
2.2098618389709386,0.0003028
2.2108623153882805,0.0003028
2.211862791805622,0.0002772
2.2128632682229634,0.0002772
2.2138637446403053,0.0002739
2.214864221057647,0.0002739
2.2158646974749883,0.0002739
2.2168651738923297,0.000296
2.2178656503096716,0.000296
2.218866126727013,0.0002924
2.2198666031443546,0.0002924
2.220867079561696,0.0002924
2.221867555979038,0.0002725
2.2228680323963794,0.0002725
2.223868508813721,0.0002691
2.224868985231063,0.0002691
2.2258694616484043,0.0002691
2.2268699380657457,0.0002853
2.227870414483087,0.0002853
2.228870890900429,0.0002817
2.2298713673177706,0.0002817
2.230871843735112,0.0002817
2.231872320152454,0.00026389999999999996
2.2328727965697954,0.00026389999999999996
2.233873272987137,0.0002605
2.2348737494044784,0.0002605
2.2358742258218203,0.0002605
2.2368747022391617,0.0002656
2.237875178656503,0.0002656
2.2388756550738447,0.0002621
2.2398761314911866,0.0002621
2.240876607908528,0.0002621
2.2418770843258695,0.0002486
2.2428775607432114,0.0002486
2.243878037160553,0.00024529999999999995
2.2448785135778944,0.00024529999999999995
2.245878989995236,0.00024529999999999995
2.2468794664125777,0.00025
2.247879942829919,0.00025
2.2488804192472607,0.0002467
2.2498808956646026,0.0002467
2.250881372081944,0.00023715000000000002
2.2518818484992855,0.00022759999999999998
2.252882324916627,0.00022759999999999998
2.253882801333969,0.00022440000000000003
2.2548832777513104,0.00022440000000000003
2.255883754168652,0.00022440000000000003
2.2568842305859937,0.0002181
2.257884707003335,0.0002181
2.2588851834206767,0.000215
2.259885659838018,0.000215
2.26088613625536,0.000215
2.2618866126727015,0.0002269
2.262887089090043,0.0002269
2.2638875655073845,0.0002237
2.2648880419247264,0.0002237
2.265888518342068,0.0002237
2.2668889947594093,0.0002205
2.267889471176751,0.0002205
2.2688899475940927,0.0002005
2.269890424011434,0.0002005
2.2708909004287756,0.0002005
2.2718913768461175,0.0001976
2.272891853263459,0.0001976
2.2738923296808005,0.000199
2.2748928060981424,0.000199
2.275893282515484,0.000199
2.2768937589328253,0.000196
2.2778942353501668,0.000196
2.2788947117675087,0.0001957
2.27989518818485,0.0001957
2.2808956646021916,0.0001957
2.2818961410195335,0.0001928
2.282896617436875,0.0001928
2.2838970938542165,0.0001927
2.284897570271558,0.0001927
2.2858980466889,0.0001927
2.2868985231062413,0.0001897
2.2878989995235828,0.0001897
2.2888994759409242,0.0001779
2.289899952358266,0.0001779
2.2909004287756076,0.0001779
2.291900905192949,0.0001751
2.292901381610291,0.0001751
2.2939018580276325,0.0001665
2.294902334444974,0.0001665
2.2959028108623154,0.0001665
2.2969032872796573,0.0001646
2.297903763696999,0.0001646
2.2989042401143402,0.0001534
2.299904716531682,0.0001534
2.3009051929490236,0.0001534
2.301905669366365,0.0001518
2.3029061457837066,0.0001518
2.3039066222010485,0.0001579
2.30490709861839,0.0001579
2.3059075750357314,0.0001579
2.3069080514530733,0.0001554
2.307908527870415,0.0001554
2.3089090042877563,0.0001691
2.3099094807050977,0.0001691
2.3109099571224396,0.0001691
2.311910433539781,0.0001664
2.3129109099571226,0.0001664
2.313911386374464,0.00010920000000000001
2.314911862791806,0.00010920000000000001
2.3159123392091474,0.00010920000000000001
2.316912815626489,0.0001074
2.317913292043831,0.0001074
2.3189137684611723,0.0001057
2.3199142448785137,0.0001057
2.320914721295855,0.0001057
2.321915197713197,0.0001069
2.3229156741305386,0.0001069
2.32391615054788,0.0001051
2.324916626965222,0.0001051
2.3259171033825634,0.0001051
2.326917579799905,0.0001379
2.3279180562172463,0.0001379
2.3289185326345883,0.0001355
2.3299190090519297,0.0001355
2.330919485469271,0.0001355
2.331919961886613,0.000121
2.3329204383039546,0.000121
2.333920914721296,0.0001189
2.3349213911386375,0.0001189
2.3359218675559794,0.0001189
2.336922343973321,9.37e-05
2.3379228203906623,9.37e-05
2.338923296808004,9.2e-05
2.3399237732253457,9.2e-05
2.340924249642687,9.2e-05
2.3419247260600287,9.79e-05
2.3429252024773706,9.79e-05
2.343925678894712,9.61e-05
2.3449261553120535,9.61e-05
2.345926631729395,9.61e-05
2.346927108146737,5.31e-05
2.3479275845640784,5.31e-05
2.34892806098142,5.21e-05
2.3499285373987617,5.21e-05
2.350929013816103,5.21e-05
2.3519294902334447,5.11e-05
2.352929966650786,5.11e-05
2.353930443068128,9.35e-05
2.3549309194854695,9.35e-05
2.355931395902811,9.35e-05
2.356931872320153,9.17e-05
2.3579323487374944,9.17e-05
2.358932825154836,7.78e-05
2.3599333015721773,7.78e-05
2.360933777989519,7.78e-05
2.3619342544068607,7.62e-05
2.362934730824202,7.62e-05
2.3639352072415436,8.03e-05
2.3649356836588855,8.03e-05
2.365936160076227,8.03e-05
2.3669366364935684,7.86e-05
2.3679371129109104,7.86e-05
2.368937589328252,4.65e-05
2.3699380657455933,4.65e-05
2.3709385421629348,4.65e-05
2.3719390185802767,4.55e-05
2.372939494997618,4.55e-05
2.3739399714149596,4.45e-05
2.3749404478323015,4.45e-05
2.375940924249643,4.45e-05
2.3769414006669844,4.6e-05
2.377941877084326,4.6e-05
2.378942353501668,4.5e-05
2.3799428299190093,4.5e-05
2.3809433063363508,4.5e-05
2.3819437827536927,3.54e-05
2.382944259171034,3.54e-05
2.3839447355883756,3.45e-05
2.384945212005717,3.45e-05
2.385945688423059,3.45e-05
2.3869461648404005,4.66e-05
2.387946641257742,4.66e-05
2.3889471176750834,4.55e-05
2.3899475940924253,4.55e-05
2.3909480705097668,4.55e-05
2.3919485469271082,5.03e-05
2.39294902334445,5.03e-05
2.3939494997617916,4.91e-05
2.394949976179133,4.91e-05
2.3959504525964745,4.91e-05
2.3969509290138165,4.81e-05
2.397951405431158,4.81e-05
2.3989518818484994,6.76e-05
2.3999523582658413,6.76e-05
2.4009528346831828,6.76e-05
2.4019533111005242,6.62e-05
2.4029537875178657,6.62e-05
2.403954263935207,2.7400000000000005e-05
2.404954740352549,2.7400000000000005e-05
2.4059552167698905,2.7400000000000005e-05
2.406955693187232,2.67e-05
2.407956169604574,2.67e-05
2.4089566460219154,2.8000000000000003e-05
2.409957122439257,2.8000000000000003e-05
2.4109575988565983,2.8000000000000003e-05
2.4119580752739402,2.7200000000000004e-05
2.4129585516912817,2.7200000000000004e-05
2.413959028108623,2.65e-05
2.4149595045259646,2.65e-05
2.4159599809433066,2.65e-05
2.416960457360648,9.1e-06
2.4179609337779895,9.1e-06
2.4189614101953314,8.8e-06
2.419961886612673,8.8e-06
2.4209623630300143,8.8e-06
2.421962839447356,2.99e-05
2.4229633158646977,2.99e-05
2.423963792282039,2.8999999999999997e-05
2.4249642686993806,2.8999999999999997e-05
2.4259647451167226,2.8999999999999997e-05
2.426965221534064,5.620000000000001e-05
2.4279656979514055,5.620000000000001e-05
2.428966174368747,5.440000000000001e-05
2.429966650786089,5.440000000000001e-05
2.4309671272034303,5.440000000000001e-05
2.431967603620772,5.27e-05
2.4329680800381137,5.27e-05
2.433968556455455,3.8e-06
2.4349690328727966,3.8e-06
2.435969509290138,3.8e-06
2.43696998570748,3.7e-06
2.4379704621248215,3.7e-06
2.438970938542163,3.92e-05
2.4399714149595044,3.92e-05
2.4409718913768463,3.92e-05
2.441972367794188,3.78e-05
2.4429728442115293,3.78e-05
2.443973320628871,3.9e-06
2.4449737970462126,3.9e-06
2.445974273463554,3.9e-06
2.4469747498808956,3.7e-06
2.4479752262982375,3.7e-06
2.448975702715579,3.5999999999999994e-06
2.4499761791329204,3.5999999999999994e-06
2.4509766555502623,3.5999999999999994e-06
2.451977131967604,6.3e-06
2.4529776083849453,6.3e-06
2.4539780848022867,6e-06
2.4549785612196287,6e-06
2.45597903763697,6e-06
2.4569795140543116,1.11e-05
2.4579799904716535,1.11e-05
2.458980466888995,1.06e-05
2.4599809433063364,1.06e-05
2.460981419723678,1.06e-05
2.46198189614102,1.01e-05
2.4629823725583613,1.01e-05
2.4639828489757027,1.4299999999999999e-05
2.464983325393044,1.4299999999999999e-05
2.465983801810386,1.4299999999999999e-05
2.4669842782277276,1.35e-05
2.467984754645069,1.35e-05
2.468985231062411,1.4e-06
2.4699857074797524,1.4e-06
2.470986183897094,1.4e-06
2.4719866603144354,1.3e-06
2.4729871367317773,1.3e-06
2.4739876131491187,1.3e-06
2.47498808956646,1.3e-06
2.475988565983802,1.3e-06
2.4769890424011436,4.2e-06
2.477989518818485,4.2e-06
2.4789899952358265,3.9e-06
2.4799904716531684,3.9e-06
2.48099094807051,3.9e-06
2.4819914244878514,1.5e-06
2.4829919009051933,1.5e-06
2.4839923773225348,1.4e-06
2.484992853739876,1.4e-06
2.4859933301572177,1.4e-06
2.4869938065745596,1.3e-06
2.487994282991901,1.3e-06
2.4889947594092425,3e-07
2.489995235826584,3e-07
2.490995712243926,3e-07
2.4919961886612674,2e-07
2.492996665078609,2e-07
2.4939971414959508,4e-07
2.494997617913292,4e-07
2.4959980943306337,4e-07
2.496998570747975,4e-07
2.497999047165317,4e-07
2.4989995235826585,3e-07
2.5,3e-07
