wl,I_R
0.4,2.443
0.4010004764173416,2.4855
0.4020009528346832,2.528
0.4030014292520248,2.528
0.4040019056693664,2.615
0.40500238208670797,2.615
0.40600285850404955,2.615
0.4070033349213912,2.769
0.40800381133873276,2.769
0.40900428775607434,2.929
0.4100047641734159,2.929
0.41100524059075755,2.929
0.4120057170080991,3.112
0.4130061934254407,3.112
0.4140066698427823,3.3
0.4150071462601239,3.3
0.4160076226774655,3.3
0.41700809909480707,3.359
0.41800857551214865,3.359
0.41900905192949023,3.415
0.42000952834683186,3.415
0.42101000476417344,3.415
0.422010481181515,3.539
0.42301095759885665,3.539
0.42401143401619823,3.666
0.4250119104335398,3.666
0.4260123868508814,3.666
0.42701286326822296,3.551
0.4280133396855646,3.551
0.4290138161029062,3.426
0.43001429252024775,3.426
0.43101476893758933,3.426
0.43201524535493097,3.845
0.43301572177227254,3.845
0.4340161981896141,4.286
0.4350166746069557,4.286
0.43601715102429733,4.286
0.4370176274416389,4.463
0.4380181038589805,4.463
0.43901858027632207,4.644
0.4400190566936637,4.644
0.4410195331110053,4.644
0.44202000952834686,5.044
0.44302048594568844,5.2524999999999995
0.44402096236303,5.461
0.44502143878037165,5.461
0.4460219151977132,5.461
0.4470223916150548,5.808
0.44802286803239644,5.808
0.449023344449738,6.169
0.4500238208670796,6.169
0.45102429728442117,6.169
0.45202477370176275,6.328
0.4530252501191044,6.328
0.45402572653644596,6.487
0.45502620295378754,6.487
0.4560266793711291,6.487
0.45702715578847075,6.652
0.45802763220581233,6.652
0.4590281086231539,6.82
0.4600285850404955,6.82
0.46102906145783706,6.82
0.4620295378751787,7.076
0.4630300142925203,7.076
0.46403049070986185,7.345
0.4650309671272035,7.345
0.46603144354454507,7.345
0.46703191996188664,7.578
0.4680323963792282,7.578
0.4690328727965698,7.802
0.47003334921391143,7.929333333333338
0.471033825631253,8.056666666666668
0.4720343020485946,8.184
0.4730347784659362,8.184
0.4740352548832778,8.573
0.4750357313006194,8.573
0.47603620771796096,8.573
0.47703668413530254,8.934
0.4780371605526441,8.934
0.47903763696998575,9.303
0.4800381133873273,9.303
0.4810385898046689,9.303
0.48203906622201054,9.095
0.4830395426393521,9.095
0.4840400190566937,8.873
0.48504049547403527,8.873
0.48604097189137685,8.873
0.4870414483087185,9.206
0.48804192472606006,9.376
0.48904240114340164,9.546
0.4900428775607433,9.546
0.49104335397808485,9.546
0.49204383039542643,9.941
0.493044306812768,9.941
0.4940447832301096,10.345
0.4950452596474512,10.345
0.4960457360647928,10.345
0.4970462124821344,10.468
0.49804668889947595,10.468
0.4990471653168176,10.581
0.5000476417341592,10.581
0.5010481181515007,10.581
0.5020485945688423,10.97
0.5030490709861839,10.97
0.5040495474035255,11.368
0.5050500238208671,11.368
0.5060505002382087,11.368
0.5070509766555503,11.594
0.5080514530728919,11.594
0.5090519294902335,11.823
0.5100524059075751,11.823
0.5110528823249166,11.823
0.5120533587422582,11.79
0.5130538351595999,11.79
0.5140543115769415,11.741
0.5150547879942831,11.781666666666666
0.5160552644116246,11.822333333333333
0.5170557408289662,11.863
0.5180562172463078,11.863
0.5190566936636494,11.981
0.520057170080991,11.981
0.5210576464983325,11.981
0.5220581229156742,12.411
0.5230585993330158,12.411
0.5240590757503574,12.85
0.525059552167699,12.85
0.5260600285850405,12.85
0.5270605050023821,13.265
0.5280609814197237,13.265
0.5290614578370653,13.683
0.5300619342544068,13.683
0.5310624106717485,13.683
0.5320628870890901,13.732
0.5330633635064317,13.732
0.5340638399237733,13.796
0.5350643163411148,13.796
0.5360647927584564,13.796
0.537065269175798,13.788
0.5380657455931397,13.788
0.5390662220104812,13.777
0.5400666984278228,13.777
0.5410671748451644,13.777
0.542067651262506,13.924
0.5430681276798476,13.924
0.5440686040971892,14.066
0.5450690805145307,14.066
0.5460695569318723,14.066
0.547070033349214,14.027
0.5480705097665556,14.027
0.5490709861838972,13.983
0.5500714626012387,13.939666666666668
0.5510719390185803,13.896333333333335
0.5520724154359219,13.853
0.5530728918532635,13.853
0.554073368270605,13.72
0.5550738446879466,13.72
0.5560743211052883,13.72
0.5570747975226299,13.293
0.5580752739399715,13.293
0.559075750357313,12.869
0.5600762267746546,12.869
0.5610767031919962,12.869
0.5620771796093378,12.679
0.5630776560266795,12.679
0.5640781324440209,12.484
0.5650786088613626,12.484
0.5660790852787042,12.484
0.5670795616960458,12.232
0.5680800381133874,12.232
0.5690805145307289,11.313
0.5700809909480705,11.313
0.5710814673654121,11.313
0.5720819437827538,11.76
0.5730824202000953,11.76
0.5740828966174369,11.442
0.5750833730347785,11.442
0.5760838494521201,11.442
0.5770843258694617,11.381
0.5780848022868033,11.381
0.5790852787041448,11.295
0.5800857551214864,11.295
0.5810862315388281,11.295
0.5820867079561697,11.249
0.5830871843735113,11.249
0.5840876607908528,11.172
0.5850881372081944,11.172
0.586088613625536,11.172
0.5870890900428776,10.417
0.5880895664602193,10.417
0.5890900428775607,8.032
0.5900905192949024,8.242000000000015
0.591090995712244,8.452000000000009
0.5920914721295856,8.662
0.5930919485469272,8.662
0.5940924249642687,8.934
0.5950929013816103,8.934
0.5960933777989519,8.934
0.5970938542162936,9.529
0.598094330633635,9.529
0.5990948070509767,9.814
0.6000952834683183,9.814
0.6010957598856599,9.814
0.6020962363030015,9.639
0.603096712720343,9.639
0.6040971891376846,9.511
0.6050976655550262,9.511
0.6060981419723679,9.511
0.6070986183897095,9.385
0.608099094807051,9.385
0.6090995712243926,9.259
0.6101000476417342,9.259
0.6111005240590758,9.259
0.6121010004764174,9.15
0.613101476893759,9.15
0.6141019533111005,9.04
0.6151024297284422,9.04
0.6161029061457838,9.04
0.6171033825631254,9.075
0.6181038589804669,9.075
0.6191043353978085,9.105
0.6201048118151501,9.105
0.6211052882324917,9.105
0.6221057646498334,8.947
0.6231062410671748,8.947
0.6241067174845165,8.789
0.6251071939018581,8.789
0.6261076703191997,8.789
0.6271081467365412,8.536
0.6281086231538828,8.536
0.6291090995712244,8.362
0.630109575988566,8.362
0.6311100524059077,8.362
0.6321105288232493,8.43
0.6331110052405908,8.525500000000001
0.6341114816579324,8.621
0.635111958075274,8.621
0.6361124344926156,8.621
0.6371129109099571,8.625
0.6381133873272987,8.625
0.6391138637446403,8.641
0.640114340161982,8.641
0.6411148165793236,8.641
0.6421152929966651,8.605
0.6431157694140067,8.605
0.6441162458313483,8.516
0.6451167222486899,8.516
0.6461171986660315,8.516
0.6471176750833731,7.879
0.6481181515007146,7.879
0.6491186279180563,8.374
0.6501191043353979,8.374
0.6511195807527395,8.374
0.652120057170081,7.966
0.6531205335874226,7.966
0.6541210100047643,7.887
0.6551214864221058,7.887
0.6561219628394475,7.887
0.6571224392567889,8.243
0.6581229156741306,8.243
0.6591233920914722,9.254
0.6601238685088138,9.254
0.6611243449261553,9.254
0.6621248213434969,10.644
0.6631252977608386,10.644
0.6641257741781801,12.113
0.6651262505955218,12.113
0.6661267270128632,12.113
0.6671272034302049,14.433
0.6681276798475465,14.433
0.6691281562648881,16.758
0.6701286326822297,17.400333333333307
0.6711291090995712,18.042666666666616
0.6721295855169129,18.685
0.6731300619342544,18.685
0.6741305383515961,20.62
0.6751310147689377,20.62
0.6761314911862792,20.62
0.6771319676036208,22.486
0.6781324440209624,22.486
0.679132920438304,24.329
0.6801333968556456,24.329
0.6811338732729872,24.329
0.6821343496903287,25.986
0.6831348261076704,25.986
0.684135302525012,27.673
0.6851357789423536,27.673
0.6861362553596951,27.673
0.6871367317770367,19.397
0.6881372081943784,19.397
0.6891376846117199,27.612
0.6901381610290616,27.612
0.691138637446403,27.612
0.6921391138637447,30.46
0.6931395902810863,30.46
0.6941400666984279,25.743
0.6951405431157694,25.743
0.696141019533111,25.743
0.6971414959504527,35.338
0.6981419723677942,35.338
0.6991424487851359,32.458
0.7001429252024773,32.458
0.701143401619819,32.458
0.7021438780371606,36.784
0.7031443544545022,36.784
0.7041448308718438,40.424
0.7051453072891853,40.424
0.706145783706527,40.424
0.7071462601238685,40.851
0.7081467365412102,40.851
0.7091472129585518,43.065
0.7101476893758933,43.065
0.7111481657932349,43.065
0.7121486422105765,45.773
0.7131491186279182,45.773
0.7141495950452597,43.062
0.7151500714626013,43.062
0.7161505478799428,43.062
0.7171510242972845,27.776
0.7181515007146261,27.776
0.7191519771319677,24.544
0.7201524535493092,24.544
0.7211529299666508,24.544
0.7221534063839925,50.865
0.723153882801334,50.865
0.7241543592186757,36.235
0.7251548356360171,36.235
0.7261553120533588,36.235
0.7271557884707004,35.616
0.728156264888042,35.616
0.7291567413053835,41.581
0.7301572177227251,41.581
0.7311576941400668,41.581
0.7321581705574083,48.62
0.73315864697475,48.62
0.7341591233920916,49.436
0.7351595998094331,49.436
0.7361600762267747,49.436
0.7371605526441163,56.012
0.738161029061458,56.012
0.7391615054787994,53.903
0.7401619818961411,53.903
0.7411624583134826,53.903
0.7421629347308243,58.354
0.7431634111481659,58.354
0.7441638875655074,61.923
0.745164363982849,61.923
0.7461648404001906,61.923
0.7471653168175323,62.253
0.7481657932348738,62.253
0.7491662696522154,62.47
0.7501667460695569,62.47
0.7511672224868986,62.47
0.7521676989042402,62.441
0.7531681753215818,62.441
0.7541686517389233,62.408
0.7551691281562649,62.408
0.7561696045736066,62.408
0.7571700809909481,62.267
0.7581705574082898,62.267
0.7591710338256313,12.237
0.7601715102429729,18.558333333333334
0.7611719866603145,24.879666666666665
0.7621724630776561,31.201
0.7631729394949976,31.201
0.7641734159123392,38.393
0.7651738923296809,38.393
0.7661743687470224,38.393
0.7671748451643641,55.87
0.7681753215817057,55.87
0.7691757979990472,60.239
0.7701762744163888,60.239
0.7711767508337304,60.239
0.7721772272510721,61.147
0.7731777036684135,61.147
0.7741781800857552,61.497
0.7751786565030967,61.497
0.7761791329204384,61.497
0.77717960933778,61.6
0.7781800857551215,61.6
0.7791805621724631,61.581
0.7801810385898047,61.581
0.7811815150071464,61.581
0.7821819914244879,61.613
0.7831824678418295,61.613
0.7841829442591711,61.225
0.7851834206765127,61.225
0.7861838970938543,61.225
0.7871843735111959,57.064
0.7881848499285374,57.064
0.789185326345879,54.173
0.7901858027632207,54.173
0.7911862791805622,54.173
0.7921867555979039,58.038
0.7931872320152454,58.038
0.794187708432587,56.939
0.7951881848499286,56.939
0.7961886612672702,56.939
0.7971891376846119,57.776
0.7981896141019533,57.776
0.799190090519295,54.826
0.8001905669366365,54.826
0.8011910433539782,54.826
0.8021915197713197,57.211
0.8031919961886613,57.211
0.8041924726060029,54.12
0.8051929490233445,54.12
0.8061934254406862,54.12
0.8071939018580276,58.075
0.8081943782753693,58.075
0.8091948546927108,56.086
0.8101953311100525,56.086
0.8111958075273941,56.086
0.8121962839447356,45.618
0.8131967603620772,45.618
0.8141972367794188,33.075
0.8151977131967605,33.075
0.816198189614102,33.075
0.8171986660314436,37.097
0.8181991424487852,37.097
0.8191996188661268,37.911
0.8202000952834684,37.911
0.82120057170081,37.911
0.8222010481181516,27.009
0.8232015245354931,27.009
0.8242020009528348,44.476
0.8252024773701763,44.476
0.826202953787518,44.476
0.8272034302048595,38.933
0.8282039066222011,38.933
0.8292043830395427,47.308
0.8302048594568843,47.308
0.831205335874226,47.308
0.8322058122915674,37.661
0.8332062887089091,37.661
0.8342067651262506,50.919
0.8352072415435923,50.919
0.8362077179609338,50.919
0.8372081943782754,51.09
0.838208670795617,51.09
0.8392091472129586,52.257
0.8402096236303003,52.257
0.8412101000476417,52.257
0.8422105764649834,57.141
0.843211052882325,57.141
0.8442115292996666,56.137
0.8452120057170082,56.137
0.8462124821343497,56.137
0.8472129585516914,55.979
0.8482134349690329,55.979
0.8492139113863746,54.606
0.850214387803716,54.606
0.8512148642210577,54.606
0.8522153406383993,52.883
0.8532158170557409,52.883
0.8542162934730825,52.795
0.8552167698904241,52.795
0.8562172463077657,52.795
0.8572177227251072,54.257
0.8582181991424489,54.257
0.8592186755597904,57.111
0.8602191519771321,56.68199999999997
0.8612196283944736,56.252999999999986
0.8622201048118152,55.824
0.8632205812291568,55.824
0.8642210576464984,54.597
0.8652215340638401,54.597
0.8662220104811815,54.597
0.8672224868985232,55.13
0.8682229633158648,55.13
0.8692234397332064,55.71
0.870223916150548,55.71
0.8712243925678895,55.71
0.8722248689852311,56.766
0.8732253454025727,56.766
0.8742258218199144,57.729
0.8752262982372558,57.729
0.8762267746545975,57.729
0.8772272510719391,57.397
0.8782277274892807,57.397
0.8792282039066223,56.91
0.8802286803239638,56.91
0.8812291567413055,56.91
0.882229633158647,55.777
0.8832301095759887,55.777
0.8842305859933302,56.06
0.8852310624106718,56.06
0.8862315388280134,56.06
0.887232015245355,56.048
0.8882324916626966,56.048
0.8892329680800382,53.579
0.8902334444973798,53.579
0.8912339209147213,53.579
0.892234397332063,54.716
0.8932348737494045,54.716
0.8942353501667462,40.494
0.8952358265840877,40.494
0.8962363030014293,40.494
0.8972367794187709,29.752
0.8982372558361125,29.752
0.8992377322534542,28.349
0.9002382086707957,28.349
0.9012386850881373,28.349
0.9022391615054789,24.375
0.9032396379228205,24.375
0.904240114340162,39.628
0.9052405907575036,39.628
0.9062410671748452,39.628
0.9072415435921868,24.091
0.9082420200095285,24.091
0.90924249642687,30.289
0.9102429728442116,30.289
0.9112434492615532,30.289
0.9122439256788948,26.955
0.9132444020962364,26.955
0.9142448785135779,20.48
0.9152453549309195,20.48
0.9162458313482611,20.48
0.9172463077656028,17.256
0.9182467841829444,17.256
0.9192472606002859,48.721
0.9202477370176275,48.721
0.9212482134349691,48.721
0.9222486898523107,29.87
0.9232491662696523,29.87
0.9242496426869938,31.381
0.9252501191043355,31.381
0.9262505955216771,32.443
0.9272510719390187,32.443
0.9282515483563603,32.443
0.9292520247737018,10.591
0.9302525011910434,10.591
0.931252977608385,3.505
0.9322534540257266,3.505
0.9332539304430683,3.505
0.9342544068604098,3.483
0.9352548832777514,3.483
0.936255359695093,2.921
0.9372558361124346,2.921
0.9382563125297761,2.921
0.9392567889471177,15.087
0.9402572653644593,15.087
0.9412577417818009,10.822
0.9422582181991426,10.822
0.9432586946164842,10.822
0.9442591710338257,1.063
0.9452596474511673,1.063
0.9462601238685089,6.198
0.9472606002858505,6.198
0.948261076703192,6.198
0.9492615531205336,1.547
0.9502620295378753,1.547
0.9512625059552169,5.724
0.9522629823725585,5.724
0.9532634587899,5.724
0.9542639352072416,5.879
0.9552644116245832,5.879
0.9562648880419248,12.129
0.9572653644592664,12.129
0.9582658408766079,12.129
0.9592663172939496,12.642
0.9602667937112912,12.642
0.9612672701286328,14.715
0.9622677465459744,14.715
0.9632682229633159,14.715
0.9642686993806575,12.031
0.9652691757979991,12.031
0.9662696522153407,31.949
0.9672701286326824,31.949
0.9682706050500239,31.949
0.9692710814673655,30.641
0.9702715578847071,30.641
0.9712720343020487,32.544
0.9722725107193902,32.544
0.9732729871367318,32.544
0.9742734635540734,31.843
0.9752739399714151,31.843
0.9762744163887567,32.719
0.9772748928060982,32.719
0.9782753692234398,32.719
0.9792758456407814,30.258
0.980276322058123,30.258
0.9812767984754646,33.819
0.9822772748928061,33.819
0.9832777513101477,33.819
0.9842782277274894,33.862
0.985278704144831,33.862
0.9862791805621726,40.37
0.9872796569795141,40.37
0.9882801333968557,40.37
0.9892806098141973,45.309
0.9902810862315389,45.309
0.9912815626488805,44.184
0.9922820390662221,44.184
0.9932825154835637,44.184
0.9942829919009053,47.965
0.9952834683182469,47.965
0.9962839447355885,46.856
0.99728442115293,46.856
0.9982848975702716,46.856
0.9992853739876132,46.948
1.0002858504049548,46.948
1.0012863268222965,45.182
1.0022868032396381,45.182
1.0032872796569796,45.182
1.004287756074321,46.585
1.0052882324916628,46.585
1.0062887089090045,45.5
1.007289185326346,45.5
1.0082896617436874,45.5
1.0092901381610293,43.948
1.0102906145783708,43.948
1.0112910909957122,45.682
1.012291567413054,45.682
1.0132920438303956,45.682
1.014292520247737,45.576
1.0152929966650786,45.576
1.0162934730824202,45.703
1.017293949499762,45.703
1.0182944259171034,45.703
1.019294902334445,44.608
1.0202953787517868,44.608
1.0212958551691282,45.021
1.0222963315864697,45.021
1.0232968080038114,45.021
1.024297284421153,45.12
1.0252977608384946,45.12
1.0262982372558362,44.052
1.027298713673178,44.052
1.0282991900905194,44.052
1.0292996665078609,44.862
1.0303001429252026,44.862
1.0313006193425442,44.799
1.0323010957598857,44.799
1.0333015721772272,44.799
1.034302048594569,44.551
1.0353025250119106,44.551
1.036303001429252,44.332
1.0373034778465937,44.332
1.0383039542639354,44.332
1.0393044306812769,44.085
1.0403049070986183,44.085
1.04130538351596,43.878
1.0423058599333017,43.878
1.0433063363506432,43.878
1.0443068127679849,43.643
1.0453072891853266,43.643
1.046307765602668,43.403
1.0473082420200095,43.403
1.0483087184373512,43.403
1.0493091948546929,43.037
1.0503096712720343,43.037
1.051310147689376,42.857
1.0523106241067177,42.857
1.0533111005240592,42.857
1.0543115769414007,42.595
1.0553120533587423,42.595
1.056312529776084,42.297
1.0573130061934255,42.297
1.058313482610767,42.297
1.0593139590281089,42.002
1.0603144354454503,42.002
1.0613149118627918,41.588
1.0623153882801335,41.588
1.0633158646974752,41.588
1.0643163411148167,41.143
1.0653168175321581,41.143
1.0663172939494998,40.529
1.0673177703668415,40.529
1.068318246784183,40.529
1.0693187232015247,39.734
1.0703191996188663,39.734
1.0713196760362078,38.726
1.0723201524535493,38.726
1.073320628870891,38.726
1.0743211052882327,36.727
1.0753215817055741,36.727
1.0763220581229158,35.164
1.0773225345402575,35.164
1.078323010957599,35.164
1.0793234873749404,35.208
1.0803239637922821,35.208
1.0813244402096238,39.831
1.0823249166269653,39.831
1.0833253930443068,39.831
1.0843258694616484,35.959
1.0853263458789901,35.959
1.0863268222963316,35.335
1.0873272987136733,35.335
1.088327775131015,35.335
1.0893282515483564,31.695
1.090328727965698,31.695
1.0913292043830396,27.791
1.0923296808003813,27.791
1.0933301572177228,27.791
1.0943306336350644,28.082
1.0953311100524061,28.082
1.0963315864697476,35.942
1.097332062887089,35.942
1.0983325393044308,35.942
1.0993330157217724,30.654
1.100333492139114,30.654
1.1013339685564556,29.365
1.1023344449737973,29.365
1.1033349213911388,29.365
1.1043353978084802,24.784
1.105335874225822,24.784
1.1063363506431636,16.64
1.107336827060505,16.64
1.1083373034778465,16.64
1.1093377798951882,15.882
1.11033825631253,15.882
1.1113387327298714,7.955
1.112339209147213,7.955
1.1133396855645548,7.955
1.1143401619818962,5.849
1.1153406383992377,5.849
1.1163411148165794,6.709
1.117341591233921,6.709
1.1183420676512625,6.709
1.1193425440686042,2.903
1.120343020485946,2.903
1.1213434969032874,1.264
1.1223439733206289,1.264
1.1233444497379705,1.264
1.1243449261553122,1.18
1.1253454025726537,1.18
1.1263458789899952,2.124
1.127346355407337,2.124
1.1283468318246785,2.124
1.12934730824202,10.707
1.1303477846593617,10.707
1.1313482610767034,15.227
1.1323487374940449,15.227
1.1333492139113863,15.227
1.134349690328728,0.018
1.1353501667460697,0.018
1.1363506431634112,13.606
1.1373511195807529,13.606
1.1383515959980945,13.606
1.139352072415436,10.943
1.1403525488327775,10.943
1.1413530252501192,12.839
1.1423535016674609,12.839
1.1433539780848023,12.839
1.144354454502144,1.399
1.1453549309194857,1.399
1.1463554073368272,3.841
1.1473558837541686,3.841
1.1483563601715103,3.841
1.149356836588852,3.369
1.1503573130061935,3.369
1.151357789423535,4.055
1.1523582658408769,4.055
1.1533587422582183,4.055
1.1543592186755598,9.525
1.1553596950929015,9.525
1.1563601715102432,8.751
1.1573606479275846,8.751
1.158361124344926,8.751
1.1593616007622678,10.639
1.1603620771796095,10.639
1.161362553596951,12.062
1.1623630300142926,12.062
1.1633635064316343,12.062
1.1643639828489758,15.951
1.1653644592663173,15.951
1.166364935683659,20.985
1.1673654121010006,20.985
1.168365888518342,20.985
1.1693663649356838,22.131
1.1703668413530255,22.131
1.171367317770367,17.414
1.1723677941877084,17.414
1.1733682706050501,17.414
1.1743687470223918,13.101
1.1753692234397333,13.101
1.1763696998570747,17.458
1.1773701762744166,17.458
1.1783706526917581,17.458
1.1793711291090996,22.845
1.1803716055264413,22.845
1.181372081943783,19.383
1.1823725583611244,19.383
1.183373034778466,19.383
1.1843735111958076,23.562
1.1853739876131493,23.562
1.1863744640304907,24.355
1.1873749404478324,24.355
1.1883754168651741,24.355
1.1893758932825156,23.871
1.190376369699857,23.871
1.1913768461171987,29.324
1.1923773225345404,29.324
1.193377798951882,29.324
1.1943782753692236,25.771
1.1953787517865653,25.771
1.1963792282039067,27.534
1.1973797046212482,27.534
1.19838018103859,27.534
1.1993806574559316,22.64
1.200381133873273,22.64
1.2013816102906145,26.922
1.2023820867079564,26.922
1.203382563125298,26.922
1.2043830395426394,24.456
1.205383515959981,24.456
1.2063839923773227,23.48
1.2073844687946642,23.48
1.2083849452120057,23.48
1.2093854216293474,26.174
1.210385898046689,26.174
1.2113863744640305,28.243
1.2123868508813722,28.243
1.213387327298714,28.243
1.2143878037160554,23.588
1.2153882801333968,23.588
1.2163887565507385,26.498
1.2173892329680802,26.498
1.2183897093854217,26.498
1.2193901858027634,29.151
1.220390662220105,29.151
1.2213911386374465,29.579
1.222391615054788,29.579
1.2233920914721297,29.579
1.2243925678894714,29.446
1.2253930443068128,29.446
1.2263935207241543,29.737
1.2273939971414962,29.737
1.2283944735588377,29.737
1.2293949499761792,30.151
1.2303954263935208,30.151
1.2313959028108625,29.865
1.232396379228204,29.865
1.2333968556455455,29.865
1.2343973320628872,30.052
1.2353978084802288,30.052
1.2363982848975703,29.237
1.237398761314912,29.237
1.2383992377322537,29.237
1.2393997141495952,29.773
1.2404001905669366,29.897999999999985
1.2414006669842783,30.023
1.24240114340162,30.023
1.2434016198189615,30.023
1.2444020962363032,29.758
1.2454025726536448,29.758
1.2464030490709863,29.12
1.2474035254883278,29.12
1.2484040019056695,29.12
1.2494044783230112,29.203
1.2504049547403526,29.203
1.251405431157694,28.797
1.252405907575036,28.797
1.2534063839923775,28.797
1.254406860409719,28.303
1.2554073368270606,28.303
1.2564078132444023,28.139
1.2574082896617438,28.139
1.2584087660790853,28.139
1.259409242496427,26.879
1.2604097189137686,26.879
1.26141019533111,26.329
1.2624106717484518,26.329
1.2634111481657935,26.329
1.264411624583135,25.373
1.2654121010004764,25.373
1.266412577417818,21.66
1.2674130538351598,21.66
1.2684135302525013,21.66
1.269414006669843,23.758
1.2704144830871846,23.758
1.271414959504526,24.981
1.2724154359218676,24.981
1.2734159123392093,24.981
1.274416388756551,25.704
1.2754168651738924,25.704
1.2764173415912339,25.892
1.2774178180085756,25.892
1.2784182944259173,25.892
1.2794187708432587,24.186
1.2804192472606004,24.186
1.281419723677942,25.235
1.2824202000952836,25.235
1.283420676512625,25.235
1.2844211529299667,24.118
1.2854216293473084,24.118
1.2864221057646499,22.977
1.2874225821819916,22.977
1.2884230585993333,22.977
1.2894235350166747,21.557
1.2904240114340162,21.557
1.2914244878513579,21.699
1.2924249642686996,21.699
1.293425440686041,21.699
1.2944259171033827,20.593
1.2954263935207244,20.593
1.2964268699380659,19.014
1.2974273463554074,19.014
1.298427822772749,19.014
1.2994282991900907,18.94
1.3004287756074322,18.94
1.3014292520247737,14.558
1.3024297284421154,14.558
1.303430204859457,14.558
1.3044306812767985,14.929
1.3054311576941402,14.929
1.3064316341114819,16.801
1.3074321105288234,16.801
1.3084325869461648,16.801
1.3094330633635065,12.333
1.3104335397808482,12.333
1.3114340161981897,11.428
1.3124344926155314,11.428
1.313434969032873,11.428
1.3144354454502145,10.744
1.315435921867556,10.744
1.3164363982848977,13.887
1.3174368747022394,13.887
1.3184373511195808,13.887
1.3194378275369223,8.845
1.3204383039542642,8.845
1.3214387803716057,10.204
1.3224392567889471,10.204
1.3234397332062888,10.204
1.3244402096236305,13.484
1.325440686040972,13.484
1.3264411624583134,9.648
1.3274416388756551,9.648
1.3284421152929968,9.648
1.3294425917103383,3.87
1.33044306812768,3.87
1.3314435445450217,4.73
1.3324440209623631,4.73
1.3334444973797046,4.73
1.3344449737970463,5.81
1.335445450214388,5.81
1.3364459266317295,6.779
1.3374464030490711,6.779
1.3384468794664128,6.779
1.3394473558837543,4.635
1.3404478323010958,4.635
1.3414483087184375,1.607
1.3424487851357791,1.607
1.3434492615531206,1.607
1.344449737970462,0.815
1.345450214387804,0.815
1.3464506908051455,0.361
1.347451167222487,0.361
1.3484516436398286,0.361
1.3494521200571703,0.041
1.3504525964745118,0.041
1.3514530728918532,0.003
1.352453549309195,0.003
1.3534540257265366,0.003
1.354454502143878,0.0
1.3554549785612198,0.0
1.3564554549785615,0.0
1.357455931395903,0.0
1.3584564078132444,0.0
1.359456884230586,0.0
1.3604573606479278,0.0
1.3614578370652692,0.0
1.362458313482611,0.0
1.3634587898999526,0.0
1.364459266317294,0.0
1.3654597427346356,0.0
1.3664602191519772,0.0
1.367460695569319,0.0
1.3684611719866604,0.0
1.3694616484040019,0.0
1.3704621248213438,0.0
1.3714626012386852,0.001
1.3724630776560267,0.001
1.3734635540733684,0.001
1.37446403049071,0.024
1.3754645069080516,0.024
1.376464983325393,0.005
1.3774654597427347,0.005
1.3784659361600764,0.005
1.3794664125774179,0.0
1.3804668889947596,0.0
1.3814673654121012,0.0
1.3824678418294427,0.0
1.3834683182467842,0.0
1.3844687946641259,0.003
1.3854692710814676,0.003
1.386469747498809,0.0
1.3874702239161507,0.0
1.3884707003334924,0.0
1.3894711767508339,0.027
1.3904716531681753,0.027
1.391472129585517,0.0
1.3924726060028587,0.0
1.3934730824202002,0.0
1.3944735588375416,0.0
1.3954740352548836,0.0
1.396474511672225,0.526
1.3974749880895665,0.526
1.3984754645069082,0.526
1.3994759409242499,0.007
1.4004764173415913,0.007
1.4014768937589328,0.0
1.4024773701762747,0.0
1.4034778465936162,0.0
1.4044783230109577,0.0
1.4054787994282991,0.0
1.406479275845641,0.002
1.4074797522629825,0.002
1.408480228680324,0.002
1.4094807050976659,0.001
1.4104811815150073,0.001
1.4114816579323488,0.005
1.4124821343496903,0.005
1.4134826107670322,0.005
1.4144830871843737,0.102
1.4154835636017151,0.102
1.416484040019057,0.084
1.4174845164363985,0.084
1.41848499285374,0.084
1.4194854692710814,0.004
1.4204859456884233,0.004
1.4214864221057648,0.007
1.4224868985231063,0.007
1.4234873749404477,0.007
1.4244878513577897,0.108
1.4254883277751311,0.108
1.4264888041924726,0.045
1.4274892806098145,0.045
1.428489757027156,0.045
1.4294902334444974,0.167
1.430490709861839,0.167
1.4314911862791808,0.046
1.4324916626965223,0.046
1.4334921391138638,0.046
1.4344926155312057,0.271
1.4354930919485471,0.271
1.4364935683658886,0.09
1.43749404478323,0.09
1.438494521200572,0.09
1.4394949976179134,0.078
1.440495474035255,0.078
1.4414959504525968,0.062
1.4424964268699383,0.062
1.4434969032872798,0.062
1.4444973797046212,0.619
1.4454978561219631,0.619
1.4464983325393046,1.696
1.447498808956646,1.696
1.4484992853739875,1.696
1.4494997617913294,0.027
1.450500238208671,0.027
1.4515007146260124,1.206
1.4525011910433543,1.206
1.4535016674606958,1.206
1.4545021438780372,0.772
1.4555026202953787,0.772
1.4565030967127206,2.357
1.457503573130062,2.357
1.4585040495474035,2.357
1.4595045259647454,0.902
1.460505002382087,0.902
1.4615054787994284,1.256
1.4625059552167698,1.256
1.4635064316341118,1.256
1.4645069080514532,0.817
1.4655073844687947,0.817
1.4665078608861366,0.664
1.467508337303478,0.664
1.4685088137208195,0.664
1.469509290138161,1.011
1.470509766555503,1.011
1.4715102429728444,0.091
1.4725107193901859,0.091
1.4735111958075273,0.091
1.4745116722248692,0.513
1.4755121486422107,0.513
1.4765126250595522,1.998
1.477513101476894,1.998
1.4785135778942355,1.998
1.479514054311577,0.923
1.4805145307289185,0.923
1.4815150071462604,1.226
1.4825154835636019,1.226
1.4835159599809433,1.226
1.4845164363982852,2.825
1.4855169128156267,2.825
1.4865173892329682,1.821
1.4875178656503096,1.821
1.4885183420676515,1.821
1.489518818484993,2.687
1.4905192949023345,2.687
1.491519771319676,2.958
1.4925202477370179,2.958
1.4935207241543593,2.958
1.4945212005717008,4.053
1.4955216769890427,4.053
1.4965221534063842,6.515
1.4975226298237256,6.515
1.498523106241067,6.515
1.499523582658409,8.305
1.5005240590757505,8.305
1.501524535493092,6.207
1.5025250119104339,6.207
1.5035254883277753,6.207
1.5045259647451168,7.512
1.5055264411624583,7.512
1.5065269175798002,8.717
1.5075273939971416,8.717
1.508527870414483,8.717
1.509528346831825,11.001
1.5105288232491665,11.001
1.511529299666508,9.274
1.5125297760838494,9.274
1.5135302525011913,9.274
1.5145307289185328,7.62
1.5155312053358743,7.62
1.5165316817532157,8.528
1.5175321581705576,8.528
1.518532634587899,8.528
1.5195331110052406,9.715
1.5205335874225825,9.715
1.521534063839924,11.669
1.5225345402572654,11.669
1.523535016674607,11.669
1.5245354930919488,9.23
1.5255359695092903,9.23
1.5265364459266317,10.386
1.5275369223439736,10.386
1.5285373987613151,10.386
1.5295378751786566,10.354
1.530538351595998,10.354
1.53153882801334,12.409
1.5325393044306814,12.409
1.533539780848023,12.409
1.5345402572653648,11.366
1.5355407336827063,11.366
1.5365412101000477,12.128
1.5375416865173892,12.128
1.5385421629347311,12.128
1.5395426393520726,12.323
1.540543115769414,12.323
1.5415435921867555,12.226
1.5425440686040974,12.226
1.543544545021439,12.226
1.5445450214387804,12.541
1.5455454978561223,12.541
1.5465459742734637,12.76
1.5475464506908052,12.76
1.5485469271081467,12.76
1.5495474035254886,13.306
1.55054787994283,13.306
1.5515483563601715,12.889
1.5525488327775134,12.889
1.553549309194855,12.889
1.5545497856121964,13.247
1.5555502620295378,13.247
1.5565507384468797,13.334
1.5575512148642212,13.334
1.5585516912815627,13.334
1.5595521676989046,13.402
1.560552644116246,13.402
1.5615531205335875,13.225
1.562553596950929,13.225
1.563554073368271,13.225
1.5645545497856124,13.408
1.5655550262029538,13.408
1.5665555026202953,13.019
1.5675559790376372,13.019
1.5685564554549787,13.019
1.5695569318723201,11.874
1.570557408289662,11.874
1.5715578847070035,11.861
1.572558361124345,11.861
1.5735588375416865,11.861
1.5745593139590284,12.795
1.5755597903763698,12.795
1.5765602667937113,12.098
1.5775607432110532,12.098
1.5785612196283947,12.098
1.5795616960457362,12.708
1.5805621724630776,12.708
1.5815626488804195,13.208
1.582563125297761,13.208
1.5835636017151025,13.208
1.5845640781324444,13.353
1.5855645545497858,13.353
1.5865650309671273,13.743
1.5875655073844688,13.743
1.5885659838018107,13.743
1.5895664602191522,13.514
1.5905669366364936,13.514
1.591567413053835,13.679
1.592567889471177,13.679
1.5935683658885185,13.679
1.59456884230586,13.735
1.5955693187232018,13.735
1.5965697951405433,13.302
1.5975702715578848,13.302
1.5985707479752262,13.302
1.5995712243925682,12.247
1.6005717008099096,12.247
1.601572177227251,12.235
1.602572653644593,12.235
1.6035731300619345,12.235
1.604573606479276,12.433
1.6055740828966174,12.433
1.6065745593139593,12.994
1.6075750357313008,12.994
1.6085755121486423,12.994
1.6095759885659842,12.052
1.6105764649833256,12.052
1.611576941400667,12.516
1.6125774178180086,12.516
1.6135778942353505,12.516
1.614578370652692,13.134
1.6155788470700334,13.134
1.6165793234873749,13.299
1.6175797999047168,13.299
1.6185802763220583,13.299
1.6195807527393997,13.444
1.6205812291567416,13.444
1.621581705574083,13.491
1.6225821819914246,13.491
1.623582658408766,13.491
1.624583134826108,13.387
1.6255836112434494,13.387
1.6265840876607909,13.417
1.6275845640781328,13.417
1.6285850404954743,13.417
1.6295855169128157,13.361
1.6305859933301572,13.361
1.631586469747499,13.085
1.6325869461648406,13.085
1.633587422582182,13.085
1.634587898999524,13.121
1.6355883754168654,13.121
1.6365888518342069,12.963
1.6375893282515483,12.963
1.6385898046688903,12.963
1.6395902810862317,12.719
1.6405907575035732,12.719
1.6415912339209147,12.596
1.6425917103382566,12.596
1.643592186755598,12.596
1.6445926631729395,12.346
1.6455931395902814,12.346
1.6465936160076229,12.318
1.6475940924249644,12.318
1.6485945688423058,12.318
1.6495950452596477,12.264
1.6505955216769892,12.2645
1.6515959980943307,12.265
1.6525964745116726,12.265
1.653596950929014,12.265
1.6545974273463555,12.366
1.655597903763697,12.366
1.6565983801810389,12.398
1.6575988565983804,12.398
1.6585993330157218,12.398
1.6595998094330633,12.665
1.6606002858504052,12.665
1.6616007622677467,12.33
1.6626012386850881,12.33
1.66360171510243,12.33
1.6646021915197715,10.776
1.665602667937113,10.776
1.6666031443544544,11.813
1.6676036207717964,11.813
1.6686040971891378,11.813
1.6696045736064793,12.29
1.6706050500238212,12.29
1.6716055264411627,11.953
1.6726060028585041,11.953
1.6736064792758456,11.953
1.6746069556931875,11.829
1.675607432110529,11.829
1.6766079085278704,11.352
1.6776083849452124,11.352
1.6786088613625538,11.352
1.6796093377798953,11.721
1.6806098141972368,11.721
1.6816102906145787,11.726
1.6826107670319201,11.726
1.6836112434492616,11.726
1.684611719866603,11.035
1.685612196283945,11.035
1.6866126727012865,11.317
1.687613149118628,11.317
1.6886136255359698,11.317
1.6896141019533113,10.028
1.6906145783706528,10.028
1.6916150547879942,11.016
1.6926155312053361,11.016
1.6936160076226776,11.016
1.694616484040019,9.682
1.695616960457361,9.682
1.6966174368747025,9.623
1.697617913292044,9.623
1.6986183897093854,9.623
1.6996188661267273,10.713
1.7006193425440688,10.713
1.7016198189614102,9.922
1.7026202953787521,9.922
1.7036207717960936,9.922
1.704621248213435,10.346
1.7056217246307765,10.346
1.7066222010481185,8.413
1.70762267746546,8.413
1.7086231538828014,8.413
1.7096236303001429,10.47
1.7106241067174848,10.47
1.7116245831348262,8.88
1.7126250595521677,8.88
1.7136255359695096,8.88
1.714626012386851,8.81
1.7156264888041926,8.81
1.716626965221534,9.728
1.717627441638876,9.728
1.7186279180562174,9.728
1.7196283944735589,10.474
1.7206288708909008,10.474
1.7216293473082422,7.311
1.7226298237255837,7.311
1.7236303001429252,7.311
1.724630776560267,7.608
1.7256312529776086,7.608
1.72663172939495,8.758
1.727632205812292,8.758
1.7286326822296334,8.758
1.7296331586469749,8.699
1.7306336350643163,8.699
1.7316341114816582,7.144
1.7326345878989997,7.144
1.7336350643163412,7.144
1.7346355407336826,8.817
1.7356360171510246,8.817
1.736636493568366,6.953
1.7376369699857075,6.953
1.7386374464030494,6.953
1.7396379228203909,6.394
1.7406383992377323,6.394
1.7416388756550738,7.953
1.7426393520724157,7.953
1.7436398284897572,7.953
1.7446403049070986,7.908
1.7456407813244406,7.908
1.746641257741782,5.06
1.7476417341591235,5.06
1.748642210576465,5.06
1.7496426869938069,8.778
1.7506431634111483,8.778
1.7516436398284898,6.968
1.7526441162458317,6.968
1.7536445926631732,6.968
1.7546450690805147,4.12
1.7556455454978561,4.12
1.756646021915198,9.003
1.7576464983325395,9.003
1.758646974749881,9.003
1.7596474511672224,8.939
1.7606479275845643,8.939
1.7616484040019058,4.778
1.7626488804192473,4.778
1.7636493568365892,4.778
1.7646498332539307,3.067
1.7656503096712721,3.067
1.7666507860886136,5.145
1.7676512625059555,5.145
1.768651738923297,5.145
1.7696522153406384,5.163
1.7706526917579803,5.163
1.7716531681753218,5.125
1.7726536445926633,5.125
1.7736541210100047,5.125
1.7746545974273467,3.359
1.7756550738446881,3.359
1.7766555502620296,2.04
1.7776560266793715,2.04
1.778656503096713,2.04
1.7796569795140544,2.872
1.780657455931396,2.872
1.7816579323487378,2.847
1.7826584087660793,2.847
1.7836588851834208,2.847
1.7846593616007622,1.334
1.7856598380181041,1.334
1.7866603144354456,1.469
1.787660790852787,1.469
1.788661267270129,1.469
1.7896617436874704,2.283
1.790662220104812,2.283
1.7916626965221534,0.55
1.7926631729394953,0.55
1.7936636493568368,0.55
1.7946641257741782,0.544
1.7956646021915201,0.544
1.7966650786088616,1.203
1.797665555026203,1.203
1.7986660314435445,1.203
1.7996665078608864,0.098
1.800666984278228,0.098
1.8016674606955694,0.275
1.8026679371129113,0.275
1.8036684135302528,0.275
1.8046688899475942,0.274
1.8056693663649357,0.274
1.8066698427822776,0.052
1.807670319199619,0.052
1.8086707956169605,0.052
1.809671272034302,0.081
1.810671748451644,0.081
1.8116722248689854,0.065
1.8126727012863268,0.065
1.8136731777036688,0.065
1.8146736541210102,0.009
1.8156741305383517,0.009
1.8166746069556932,0.009
1.817675083373035,0.009
1.8186755597903765,0.009
1.819676036207718,0.0
1.82067651262506,0.0
1.8216769890424014,0.016
1.8226774654597429,0.016
1.8236779418770843,0.016
1.8246784182944262,0.0
1.8256788947117677,0.0
1.8266793711291092,0.0
1.827679847546451,0.0
1.8286803239637925,0.0
1.829680800381134,0.0
1.8306812767984755,0.0
1.8316817532158174,0.029
1.8326822296331589,0.029
1.8336827060505003,0.029
1.8346831824678418,0.0
1.8356836588851837,0.0
1.8366841353025252,0.0
1.8376846117198666,0.0
1.8386850881372085,0.0
1.83968556455455,0.0
1.8406860409718915,0.0
1.841686517389233,0.0
1.8426869938065749,0.0
1.8436874702239163,0.0
1.8446879466412578,0.0
1.8456884230585997,0.0
1.8466888994759412,0.0
1.8476893758932826,0.0
1.848689852310624,0.0
1.849690328727966,0.0
1.8506908051453075,0.0
1.851691281562649,0.0
1.8526917579799904,0.0
1.8536922343973323,0.0
1.8546927108146738,0.0
1.8556931872320153,0.0
1.8566936636493572,0.0
1.8576941400666986,0.0
1.85869461648404,0.0
1.8596950929013816,0.0
1.8606955693187235,0.0
1.861696045736065,0.0
1.8626965221534064,0.0
1.8636969985707483,0.0
1.8646974749880898,0.0
1.8656979514054313,0.0
1.8666984278227727,0.0
1.8676989042401146,0.0
1.868699380657456,0.0
1.8696998570747976,0.0
1.8707003334921395,0.0
1.871700809909481,0.0
1.8727012863268224,0.0
1.873701762744164,0.0
1.8747022391615058,0.0
1.8757027155788473,0.0
1.8767031919961887,0.0
1.8777036684135302,0.0
1.8787041448308721,0.0
1.8797046212482136,0.014
1.880705097665555,0.014
1.881705574082897,0.013
1.8827060505002384,0.013
1.88370652691758,0.013
1.8847070033349214,0.001
1.8857074797522633,0.001
1.8867079561696047,0.0
1.8877084325869462,0.0
1.8887089090042881,0.0
1.8897093854216296,0.0
1.890709861838971,0.0
1.8917103382563125,0.001
1.8927108146736544,0.001
1.893711291090996,0.001
1.8947117675083374,0.178
1.8957122439256793,0.178
1.8967127203430207,0.172
1.8977131967603622,0.172
1.8987136731777037,0.172
1.8997141495950456,0.0
1.900714626012387,0.0
1.9017151024297285,0.001
1.90271557884707,0.001
1.903716055264412,0.001
1.9047165316817534,0.0
1.9057170080990948,0.0
1.9067174845164367,0.0
1.9077179609337782,0.0
1.9087184373511197,0.0
1.9097189137684611,0.0
1.910719390185803,0.0
1.9117198666031445,0.0
1.912720343020486,0.0
1.913720819437828,0.0
1.9147212958551694,0.0
1.9157217722725108,0.0
1.9167222486898523,0.004
1.9177227251071942,0.004
1.9187232015245357,0.004
1.9197236779418771,0.0
1.920724154359219,0.0
1.9217246307765605,0.0
1.922725107193902,0.0
1.9237255836112435,0.0
1.9247260600285854,0.001
1.9257265364459268,0.001
1.9267270128632683,0.0
1.9277274892806098,0.0
1.9287279656979517,0.0
1.9297284421152932,0.0
1.9307289185326346,0.0
1.9317293949499765,0.001
1.932729871367318,0.001
1.9337303477846595,0.001
1.934730824202001,0.028
1.9357313006193428,0.028
1.9367317770366843,0.028
1.9377322534540258,0.028
1.9387327298713677,0.028
1.9397332062887092,0.0
1.9407336827060506,0.0
1.941734159123392,0.016
1.942734635540734,0.016
1.9437351119580755,0.016
1.944735588375417,0.016
1.9457360647927588,0.016
1.9467365412101003,0.03
1.9477370176274418,0.03
1.9487374940447832,0.03
1.9497379704621252,0.087
1.9507384468794666,0.088
1.951738923296808,0.089
1.9527393997141496,0.089
1.9537398761314915,0.089
1.954740352548833,0.02
1.9557408289661744,0.02
1.9567413053835163,0.053
1.9577417818008578,0.053
1.9587422582181993,0.053
1.9597427346355407,0.055
1.9607432110528826,0.055
1.961743687470224,0.07
1.9627441638875656,0.07
1.9637446403049075,0.07
1.964745116722249,0.212
1.9657455931395904,0.212
1.9667460695569319,0.213
1.9677465459742738,0.213
1.9687470223916153,0.213
1.9697474988089567,0.403
1.9707479752262986,0.403
1.97174845164364,0.414
1.9727489280609816,0.414
1.973749404478323,0.414
1.974749880895665,0.426
1.9757503573130064,0.426
1.9767508337303479,0.74
1.9777513101476893,0.74
1.9787517865650313,0.763
1.9797522629823727,0.763
1.9807527393997142,0.763
1.981753215817056,0.927
1.9827536922343976,0.927
1.983754168651739,0.952
1.9847546450690805,0.952
1.9857551214864224,0.952
1.9867555979037639,0.972
1.9877560743211053,0.972
1.9887565507384473,0.936
1.9897570271557887,0.936
1.9907575035731302,0.936
1.9917579799904717,1.26
1.9927584564078136,1.26
1.993758932825155,1.279
1.9947594092424965,1.279
1.9957598856598384,1.279
1.9967603620771799,0.798
1.9977608384945214,0.798
1.9987613149118628,0.809
1.9997617913292047,0.809
2.000762267746546,0.809
2.0017627441638877,0.373
2.002763220581229,0.373
2.003763696998571,0.159
2.0047641734159125,0.159
2.005764649833254,0.159
2.006765126250596,0.161
2.0077656026679374,0.161
2.008766079085279,0.84
2.0097665555026203,0.84
2.010767031919962,0.84
2.0117675083373037,0.332
2.012767984754645,0.332
2.013768461171987,0.335
2.0147689375893285,0.335
2.01576941400667,0.335
2.0167698904240114,0.371
2.0177703668413534,0.371
2.018770843258695,0.374
2.0197713196760363,0.374
2.020771796093378,0.374
2.0217722725107197,0.853
2.022772748928061,0.853
2.0237732253454026,1.461
2.0247737017627445,1.461
2.025774178180086,1.461
2.0267746545974274,1.459
2.027775131014769,1.459
2.028775607432111,1.649
2.0297760838494523,1.649
2.0307765602667938,1.649
2.0317770366841357,1.656
2.032777513101477,1.656
2.0337779895188186,2.265
2.03477846593616,2.265
2.035778942353502,2.265
2.0367794187708435,2.119
2.037779895188185,2.119
2.038780371605527,2.127
2.0397808480228683,2.127
2.0407813244402098,2.127
2.0417818008575512,2.233
2.042782277274893,2.233
2.0437827536922346,2.45
2.044783230109576,2.45
2.0457837065269175,2.45
2.0467841829442595,2.453
2.047784659361601,2.453
2.0487851357789424,1.542
2.0497856121962843,1.542
2.0507860886136258,1.542
2.0517865650309672,1.539
2.0527870414483087,1.539
2.0537875178656506,1.234
2.054787994282992,1.234
2.0557884707003335,1.234
2.0567889471176755,1.241
2.057789423535017,1.241
2.0587898999523584,1.712
2.0597903763697,1.712
2.0607908527870418,1.712
2.0617913292043832,1.396
2.0627918056217247,1.396
2.0637922820390666,1.404
2.064792758456408,1.404
2.0657932348737496,1.404
2.066793711291091,1.431
2.067794187708433,1.431
2.0687946641257744,1.435
2.069795140543116,1.435
2.0707956169604573,1.435
2.0717960933777992,1.79
2.0727965697951407,1.79
2.073797046212482,1.912
2.074797522629824,1.912
2.0757979990471656,1.912
2.076798475464507,1.922
2.0777989518818485,1.922
2.0787994282991904,2.578
2.079799904716532,2.578
2.0808003811338733,2.578
2.0818008575512152,2.585
2.0828013339685567,2.585
2.083801810385898,2.331
2.0848022868032396,2.331
2.0858027632205816,2.331
2.086803239637923,2.342
2.0878037160552645,2.342
2.0888041924726064,2.641
2.089804668889948,2.641
2.0908051453072893,2.641
2.091805621724631,2.601
2.0928060981419727,2.601
2.093806574559314,2.595
2.0948070509766556,2.595
2.095807527393997,2.595
2.096808003811339,2.414
2.0978084802286805,2.414
2.098808956646022,2.42
2.099809433063364,2.42
2.1008099094807053,2.42
2.101810385898047,2.62
2.1028108623153883,2.62
2.10381133873273,2.64
2.1048118151500717,2.64
2.105812291567413,2.64
2.106812767984755,3.009
2.1078132444020965,3.009
2.108813720819438,2.712
2.1098141972367794,2.712
2.1108146736541213,2.712
2.111815150071463,2.708
2.1128156264888043,2.708
2.113816102906146,2.663
2.1148165793234877,2.663
2.115817055740829,2.663
2.1168175321581706,2.658
2.1178180085755125,2.658
2.118818484992854,2.847
2.1198189614101954,2.847
2.120819437827537,2.847
2.121819914244879,2.855
2.1228203906622203,2.855
2.1238208670795617,2.815
2.1248213434969037,2.815
2.125821819914245,2.815
2.1268222963315866,2.822
2.127822772748928,2.822
2.12882324916627,2.868
2.1298237255836114,2.868
2.130824202000953,2.868
2.131824678418295,3.001
2.1328251548356363,3.001
2.1338256312529778,3.001
2.134826107670319,3.001
2.135826584087661,3.001
2.1368270605050026,3.133
2.137827536922344,3.133
2.138828013339686,3.133
2.1398284897570274,3.133
2.140828966174369,3.133
2.1418294425917104,3.132
2.1428299190090523,3.132
2.1438303954263938,3.132
2.144830871843735,3.132
2.1458313482610767,3.132
2.1468318246784186,3.06
2.14783230109576,3.06
2.1488327775131015,3.072
2.1498332539304434,3.072
2.150833730347785,3.072
2.1518342067651264,2.375
2.152834683182468,2.375
2.1538351595998098,2.37
2.1548356360171512,2.37
2.1558361124344927,2.37
2.1568365888518346,2.89
2.157837065269176,2.89
2.1588375416865175,2.472
2.159838018103859,2.472
2.160838494521201,2.472
2.1618389709385424,2.471
2.162839447355884,2.471
2.1638399237732258,2.739
2.1648404001905672,2.739
2.1658408766079087,2.739
2.16684135302525,2.732
2.167841829442592,2.732
2.1688423058599335,2.957
2.169842782277275,2.957
2.1708432586946165,2.957
2.1718437351119584,2.95
2.1728442115293,2.95
2.1738446879466413,2.648
2.1748451643639832,2.648
2.1758456407813247,2.648
2.176846117198666,2.647
2.1778465936160076,2.647
2.1788470700333495,2.523
2.179847546450691,2.523
2.1808480228680325,2.523
2.1818484992853744,2.512
2.182848975702716,2.512
2.1838494521200573,2.323
2.184849928537399,2.323
2.1858504049547407,2.323
2.186850881372082,2.317
2.1878513577894236,2.317
2.1888518342067655,2.761
2.189852310624107,2.761
2.1908527870414485,2.761
2.19185326345879,2.759
2.192853739876132,2.759
2.1938542162934733,2.572
2.194854692710815,2.572
2.1958551691281563,2.572
2.196855645545498,2.573
2.1978561219628396,2.573
2.198856598380181,2.135
2.199857074797523,2.135
2.2008575512148645,2.135
2.201858027632206,2.146
2.2028585040495474,2.146
2.2038589804668893,2.48
2.204859456884231,2.48
2.2058599333015723,2.48
2.206860409718914,2.451
2.2078608861362556,2.451
2.208861362553597,2.824
2.2098618389709386,2.824
2.2108623153882805,2.824
2.211862791805622,2.582
2.2128632682229634,2.582
2.2138637446403053,2.551
2.214864221057647,2.551
2.2158646974749883,2.551
2.2168651738923297,2.761
2.2178656503096716,2.761
2.218866126727013,2.728
2.2198666031443546,2.728
2.220867079561696,2.728
2.221867555979038,2.538
2.2228680323963794,2.538
2.223868508813721,2.507
2.224868985231063,2.507
2.2258694616484043,2.507
2.2268699380657457,2.663
2.227870414483087,2.663
2.228870890900429,2.629
2.2298713673177706,2.629
2.230871843735112,2.629
2.231872320152454,2.459
2.2328727965697954,2.459
2.233873272987137,2.428
2.2348737494044784,2.428
2.2358742258218203,2.428
2.2368747022391617,2.477
2.237875178656503,2.477
2.2388756550738447,2.445
2.2398761314911866,2.445
2.240876607908528,2.445
2.2418770843258695,2.316
2.2428775607432114,2.316
2.243878037160553,2.285
2.2448785135778944,2.285
2.245878989995236,2.285
2.2468794664125777,2.331
2.247879942829919,2.331
2.2488804192472607,2.3
2.2498808956646026,2.3
2.250881372081944,2.2089999999999996
2.2518818484992855,2.118
2.252882324916627,2.118
2.253882801333969,2.089
2.2548832777513104,2.089
2.255883754168652,2.089
2.2568842305859937,2.029
2.257884707003335,2.029
2.2588851834206767,2.001
2.259885659838018,2.001
2.26088613625536,2.001
2.2618866126727015,2.116
2.262887089090043,2.116
2.2638875655073845,2.086
2.2648880419247264,2.086
2.265888518342068,2.086
2.2668889947594093,2.056
2.267889471176751,2.056
2.2688899475940927,1.865
2.269890424011434,1.865
2.2708909004287756,1.865
2.2718913768461175,1.838
2.272891853263459,1.838
2.2738923296808005,1.852
2.2748928060981424,1.852
2.275893282515484,1.852
2.2768937589328253,1.825
2.2778942353501668,1.825
2.2788947117675087,1.823
2.27989518818485,1.823
2.2808956646021916,1.823
2.2818961410195335,1.795
2.282896617436875,1.795
2.2838970938542165,1.795
2.284897570271558,1.795
2.2858980466889,1.795
2.2868985231062413,1.768
2.2878989995235828,1.768
2.2888994759409242,1.655
2.289899952358266,1.655
2.2909004287756076,1.655
2.291900905192949,1.629
2.292901381610291,1.629
2.2939018580276325,1.547
2.294902334444974,1.547
2.2959028108623154,1.547
2.2969032872796573,1.529
2.297903763696999,1.529
2.2989042401143402,1.423
2.299904716531682,1.423
2.3009051929490236,1.423
2.301905669366365,1.408
2.3029061457837066,1.408
2.3039066222010485,1.467
2.30490709861839,1.467
2.3059075750357314,1.467
2.3069080514530733,1.444
2.307908527870415,1.444
2.3089090042877563,1.576
2.3099094807050977,1.576
2.3109099571224396,1.576
2.311910433539781,1.551
2.3129109099571226,1.551
2.313911386374464,1.006
2.314911862791806,1.006
2.3159123392091474,1.006
2.316912815626489,0.99
2.317913292043831,0.99
2.3189137684611723,0.974
2.3199142448785137,0.974
2.320914721295855,0.974
2.321915197713197,0.988
2.3229156741305386,0.988
2.32391615054788,0.972
2.324916626965222,0.972
2.3259171033825634,0.972
2.326917579799905,1.282
2.3279180562172463,1.282
2.3289185326345883,1.261
2.3299190090519297,1.261
2.330919485469271,1.261
2.331919961886613,1.122
2.3329204383039546,1.122
2.333920914721296,1.102
2.3349213911386375,1.102
2.3359218675559794,1.102
2.336922343973321,0.865
2.3379228203906623,0.865
2.338923296808004,0.85
2.3399237732253457,0.85
2.340924249642687,0.85
2.3419247260600287,0.906
2.3429252024773706,0.906
2.343925678894712,0.89
2.3449261553120535,0.89
2.345926631729395,0.89
2.346927108146737,0.486
2.3479275845640784,0.486
2.34892806098142,0.477
2.3499285373987617,0.477
2.350929013816103,0.477
2.3519294902334447,0.468
2.352929966650786,0.468
2.353930443068128,0.866
2.3549309194854695,0.866
2.355931395902811,0.866
2.356931872320153,0.849
2.3579323487374944,0.849
2.358932825154836,0.719
2.3599333015721773,0.719
2.360933777989519,0.719
2.3619342544068607,0.705
2.362934730824202,0.705
2.3639352072415436,0.743
2.3649356836588855,0.743
2.365936160076227,0.743
2.3669366364935684,0.728
2.3679371129109104,0.728
2.368937589328252,0.425
2.3699380657455933,0.425
2.3709385421629348,0.425
2.3719390185802767,0.416
2.372939494997618,0.416
2.3739399714149596,0.407
2.3749404478323015,0.407
2.375940924249643,0.407
2.3769414006669844,0.422
2.377941877084326,0.422
2.378942353501668,0.413
2.3799428299190093,0.413
2.3809433063363508,0.413
2.3819437827536927,0.323
2.382944259171034,0.323
2.3839447355883756,0.316
2.384945212005717,0.316
2.385945688423059,0.316
2.3869461648404005,0.429
2.387946641257742,0.429
2.3889471176750834,0.419
2.3899475940924253,0.419
2.3909480705097668,0.419
2.3919485469271082,0.464
2.39294902334445,0.464
2.3939494997617916,0.453
2.394949976179133,0.453
2.3959504525964745,0.453
2.3969509290138165,0.444
2.397951405431158,0.444
2.3989518818484994,0.628
2.3999523582658413,0.628
2.4009528346831828,0.628
2.4019533111005242,0.615
2.4029537875178657,0.615
2.403954263935207,0.251
2.404954740352549,0.251
2.4059552167698905,0.251
2.406955693187232,0.244
2.407956169604574,0.244
2.4089566460219154,0.256
2.409957122439257,0.256
2.4109575988565983,0.256
2.4119580752739402,0.249
2.4129585516912817,0.249
2.413959028108623,0.243
2.4149595045259646,0.243
2.4159599809433066,0.243
2.416960457360648,0.082
2.4179609337779895,0.082
2.4189614101953314,0.079
2.419961886612673,0.079
2.4209623630300143,0.079
2.421962839447356,0.275
2.4229633158646977,0.275
2.423963792282039,0.266
2.4249642686993806,0.266
2.4259647451167226,0.266
2.426965221534064,0.522
2.4279656979514055,0.522
2.428966174368747,0.506
2.429966650786089,0.506
2.4309671272034303,0.506
2.431967603620772,0.49
2.4329680800381137,0.49
2.433968556455455,0.034
2.4349690328727966,0.034
2.435969509290138,0.034
2.43696998570748,0.032
2.4379704621248215,0.032
2.438970938542163,0.363
2.4399714149595044,0.363
2.4409718913768463,0.363
2.441972367794188,0.35
2.4429728442115293,0.35
2.443973320628871,0.035
2.4449737970462126,0.035
2.445974273463554,0.035
2.4469747498808956,0.033
2.4479752262982375,0.033
2.448975702715579,0.032
2.4499761791329204,0.032
2.4509766555502623,0.032
2.451977131967604,0.056
2.4529776083849453,0.056
2.4539780848022867,0.054
2.4549785612196287,0.054
2.45597903763697,0.054
2.4569795140543116,0.101
2.4579799904716535,0.101
2.458980466888995,0.096
2.4599809433063364,0.096
2.460981419723678,0.096
2.46198189614102,0.092
2.4629823725583613,0.092
2.4639828489757027,0.131
2.464983325393044,0.131
2.465983801810386,0.131
2.4669842782277276,0.124
2.467984754645069,0.124
2.468985231062411,0.012
2.4699857074797524,0.012
2.470986183897094,0.012
2.4719866603144354,0.012
2.4729871367317773,0.012
2.4739876131491187,0.011
2.47498808956646,0.011
2.475988565983802,0.011
2.4769890424011436,0.038
2.477989518818485,0.038
2.4789899952358265,0.035
2.4799904716531684,0.035
2.48099094807051,0.035
2.4819914244878514,0.013
2.4829919009051933,0.013
2.4839923773225348,0.012
2.484992853739876,0.012
2.4859933301572177,0.012
2.4869938065745596,0.011
2.487994282991901,0.011
2.4889947594092425,0.002
2.489995235826584,0.002
2.490995712243926,0.002
2.4919961886612674,0.002
2.492996665078609,0.002
2.4939971414959508,0.003
2.494997617913292,0.003
2.4959980943306337,0.003
2.496998570747975,0.003
2.497999047165317,0.003
2.4989995235826585,0.003
2.5,0.003
